Workbook

Sheet Grafik
K1: ANA GÖREV | N1: YAN GÖREV
K2: =VLOOKUP($E$5,'Personel Görev Dağılım'!A:D,2,0) -> YARI MAMUL MONTAJ | N2: =VLOOKUP($E$5,'Personel Görev Dağılım'!A:D,3,0) -> OSB YARI MAMUL MONTAJ
B4: PERSONEL SEÇ | E4: =VLOOKUP($E$5,'Menü Seçenekleri'!F7:G21,2,0) -> EMİR KODAŞ (H)
E5: EMİR KODAŞ
K6: HEDEF BAŞARI PUANI | N6: GERÇEKLEŞEN BAŞARI PUANI | Q6: BAŞARI ORANI
K7: ='Grafik Verileri'!B164 -> 705 | N7: ='Grafik Verileri'!C164 -> 547 | Q7: =N7/K7 -> 0.77588652

Sheet Grafik Verileri
A1: YAPILAN İŞLEM | B1: PERSONEL HEDEF PUANI | C1: PERSONEL GERÇEKLEŞEN PUANI
A2: AER-1 MONTAJ HATTI 1 | B2: =HLOOKUP(Grafik!$E$4,'Tüm Operasyonlar'!$D$1:$AG$164,3,0) -> - | C2: =HLOOKUP(Grafik!$E$5,'Tüm Operasyonlar'!$D$1:$AG$164,3,0) -> -
A3: AER-1 MONTAJ HATTI 2 | B3: =HLOOKUP(Grafik!$E$4,'Tüm Operasyonlar'!$D$1:$AG$164,4,0) -> - | C3: =HLOOKUP(Grafik!$E$5,'Tüm Operasyonlar'!$D$1:$AG$164,4,0) -> -
A4: AER-1 MONTAJ HATTI 3 | B4: =HLOOKUP(Grafik!$E$4,'Tüm Operasyonlar'!$D$1:$AG$164,5,0) -> - | C4: =HLOOKUP(Grafik!$E$5,'Tüm Operasyonlar'!$D$1:$AG$164,5,0) -> -
A5: AER-1 MONTAJ HATTI 4 | B5: =HLOOKUP(Grafik!$E$4,'Tüm Operasyonlar'!$D$1:$AG$164,6,0) -> - | C5: =HLOOKUP(Grafik!$E$5,'Tüm Operasyonlar'!$D$1:$AG$164,6,0) -> -
A6: AER-1 5 YIKAMA HAZIRLIK | B6: =HLOOKUP(Grafik!$E$4,'Tüm Operasyonlar'!$D$1:$AG$164,7,0) -> - | C6: =HLOOKUP(Grafik!$E$5,'Tüm Operasyonlar'!$D$1:$AG$164,7,0) -> -
A7: AER-1 YIKAMA HATTI REWORK | B7: =HLOOKUP(Grafik!$E$4,'Tüm Operasyonlar'!$D$1:$AG$164,8,0) -> - | C7: =HLOOKUP(Grafik!$E$5,'Tüm Operasyonlar'!$D$1:$AG$164,8,0) -> -
A8: AER-1 TEMİZLİK HATTI | B8: =HLOOKUP(Grafik!$E$4,'Tüm Operasyonlar'!$D$1:$AG$164,9,0) -> - | C8: =HLOOKUP(Grafik!$E$5,'Tüm Operasyonlar'!$D$1:$AG$164,9,0) -> -
A9: AER-1 PAKET ÖNCESİ HAZIRLIK | B9: =HLOOKUP(Grafik!$E$4,'Tüm Operasyonlar'!$D$1:$AG$164,10,0) -> - | C9: =HLOOKUP(Grafik!$E$5,'Tüm Operasyonlar'!$D$1:$AG$164,10,0) -> -
A10: AER-1 PAKETLEME OPERASYONU | B10: =HLOOKUP(Grafik!$E$4,'Tüm Operasyonlar'!$D$1:$AG$164,11,0) -> - | C10: =HLOOKUP(Grafik!$E$5,'Tüm Operasyonlar'!$D$1:$AG$164,11,0) -> -
A11: CPC ERKEK 90° | B11: =HLOOKUP(Grafik!$E$4,'Tüm Operasyonlar'!$D$1:$AG$164,12,0) -> 5 | C11: =HLOOKUP(Grafik!$E$5,'Tüm Operasyonlar'!$D$1:$AG$164,12,0) -> 5
A12: DIŞ FİLTRE GRUBU | B12: =HLOOKUP(Grafik!$E$4,'Tüm Operasyonlar'!$D$1:$AG$164,13,0) -> 5 | C12: =HLOOKUP(Grafik!$E$5,'Tüm Operasyonlar'!$D$1:$AG$164,13,0) -> 4
A13: CPC DAĞITICI-ÇİFT SKOP GRUBU | B13: =HLOOKUP(Grafik!$E$4,'Tüm Operasyonlar'!$D$1:$AG$164,14,0) -> 5 | C13: =HLOOKUP(Grafik!$E$5,'Tüm Operasyonlar'!$D$1:$AG$164,14,0) -> 5
A14: NOZZLE DAĞITICI GRUBU | B14: =HLOOKUP(Grafik!$E$4,'Tüm Operasyonlar'!$D$1:$AG$164,15,0) -> 5 | C14: =HLOOKUP(Grafik!$E$5,'Tüm Operasyonlar'!$D$1:$AG$164,15,0) -> 5
A15: DOLUM KAPAK GRUBU-ALKOL | B15: =HLOOKUP(Grafik!$E$4,'Tüm Operasyonlar'!$D$1:$AG$164,16,0) -> 5 | C15: =HLOOKUP(Grafik!$E$5,'Tüm Operasyonlar'!$D$1:$AG$164,16,0) -> 5
A16: DOLUM KAPAK GRUBU-ENZIMATIK | B16: =HLOOKUP(Grafik!$E$4,'Tüm Operasyonlar'!$D$1:$AG$164,17,0) -> 5 | C16: =HLOOKUP(Grafik!$E$5,'Tüm Operasyonlar'!$D$1:$AG$164,17,0) -> 5
A17: DOLUM KAPAK GRUBU-KONSANTRE | B17: =HLOOKUP(Grafik!$E$4,'Tüm Operasyonlar'!$D$1:$AG$164,18,0) -> 5 | C17: =HLOOKUP(Grafik!$E$5,'Tüm Operasyonlar'!$D$1:$AG$164,18,0) -> 5
A18: 5 L KONS. DEZ. DEPO GRUBU | B18: =HLOOKUP(Grafik!$E$4,'Tüm Operasyonlar'!$D$1:$AG$164,19,0) -> 5 | C18: =HLOOKUP(Grafik!$E$5,'Tüm Operasyonlar'!$D$1:$AG$164,19,0) -> 2
A19: 5 L ENZİM DEPO GRUBU | B19: =HLOOKUP(Grafik!$E$4,'Tüm Operasyonlar'!$D$1:$AG$164,20,0) -> 5 | C19: =HLOOKUP(Grafik!$E$5,'Tüm Operasyonlar'!$D$1:$AG$164,20,0) -> 2
A20: 5 L ALKOL DEPO GRUBU | B20: =HLOOKUP(Grafik!$E$4,'Tüm Operasyonlar'!$D$1:$AG$164,21,0) -> 5 | C20: =HLOOKUP(Grafik!$E$5,'Tüm Operasyonlar'!$D$1:$AG$164,21,0) -> 2
A21: 15 L ATIK DEPO GRUBU | B21: =HLOOKUP(Grafik!$E$4,'Tüm Operasyonlar'!$D$1:$AG$164,22,0) -> 5 | C21: =HLOOKUP(Grafik!$E$5,'Tüm Operasyonlar'!$D$1:$AG$164,22,0) -> 2
A22: 15 L DEZENFEKTAN DEPO GRUBU | B22: =HLOOKUP(Grafik!$E$4,'Tüm Operasyonlar'!$D$1:$AG$164,23,0) -> 5 | C22: =HLOOKUP(Grafik!$E$5,'Tüm Operasyonlar'!$D$1:$AG$164,23,0) -> 2
A23: 15 L TEMİZ SU DEPO GRUBU | B23: =HLOOKUP(Grafik!$E$4,'Tüm Operasyonlar'!$D$1:$AG$164,24,0) -> 5 | C23: =HLOOKUP(Grafik!$E$5,'Tüm Operasyonlar'!$D$1:$AG$164,24,0) -> 2
A24: 15 L PASLANMAZ DEPO GRUBU | B24: =HLOOKUP(Grafik!$E$4,'Tüm Operasyonlar'!$D$1:$AG$164,25,0) -> 5 | C24: =HLOOKUP(Grafik!$E$5,'Tüm Operasyonlar'!$D$1:$AG$164,25,0) -> 2
A25: DOZAJ POMPA GRUBU 7 L | B25: =HLOOKUP(Grafik!$E$4,'Tüm Operasyonlar'!$D$1:$AG$164,26,0) -> 5 | C25: =HLOOKUP(Grafik!$E$5,'Tüm Operasyonlar'!$D$1:$AG$164,26,0) -> 5
A26: 70X100 TANITIM PLAKASI | B26: =HLOOKUP(Grafik!$E$4,'Tüm Operasyonlar'!$D$1:$AG$164,27,0) -> 5 | C26: =HLOOKUP(Grafik!$E$5,'Tüm Operasyonlar'!$D$1:$AG$164,27,0) -> 3
A27: GİRDAP ÖNLEYİCİ | B27: =HLOOKUP(Grafik!$E$4,'Tüm Operasyonlar'!$D$1:$AG$164,28,0) -> 5 | C27: =HLOOKUP(Grafik!$E$5,'Tüm Operasyonlar'!$D$1:$AG$164,28,0) -> 1
A28: EVYE-ÇİFT SKOP, ÇİFT TANK GRUBU | B28: =HLOOKUP(Grafik!$E$4,'Tüm Operasyonlar'!$D$1:$AG$164,29,0) -> 5 | C28: =HLOOKUP(Grafik!$E$5,'Tüm Operasyonlar'!$D$1:$AG$164,29,0) -> 1
A29: SELENOİD TEL FİLTRE GRUBU | B29: =HLOOKUP(Grafik!$E$4,'Tüm Operasyonlar'!$D$1:$AG$164,30,0) -> 5 | C29: =HLOOKUP(Grafik!$E$5,'Tüm Operasyonlar'!$D$1:$AG$164,30,0) -> 5
A30: EVYE GİDER GRUBU | B30: =HLOOKUP(Grafik!$E$4,'Tüm Operasyonlar'!$D$1:$AG$164,31,0) -> 5 | C30: =HLOOKUP(Grafik!$E$5,'Tüm Operasyonlar'!$D$1:$AG$164,31,0) -> 5
A31: KABLO SETİ-İLETİŞİM-USB KABLO GRUBU | B31: =HLOOKUP(Grafik!$E$4,'Tüm Operasyonlar'!$D$1:$AG$164,32,0) -> 5 | C31: =HLOOKUP(Grafik!$E$5,'Tüm Operasyonlar'!$D$1:$AG$164,32,0) -> 5
A32: OLF 100AF KOMPRESÖR GRUBU | B32: =HLOOKUP(Grafik!$E$4,'Tüm Operasyonlar'!$D$1:$AG$164,33,0) -> 5 | C32: =HLOOKUP(Grafik!$E$5,'Tüm Operasyonlar'!$D$1:$AG$164,33,0) -> 5
A33: AER 1 KOMPRESÖR SELENOİD VALF GRUBU | B33: =HLOOKUP(Grafik!$E$4,'Tüm Operasyonlar'!$D$1:$AG$164,34,0) -> 5 | C33: =HLOOKUP(Grafik!$E$5,'Tüm Operasyonlar'!$D$1:$AG$164,34,0) -> 5
A34: KAPAK GRUBU KİLİTSİZ MODEL | B34: =HLOOKUP(Grafik!$E$4,'Tüm Operasyonlar'!$D$1:$AG$164,35,0) -> 5 | C34: =HLOOKUP(Grafik!$E$5,'Tüm Operasyonlar'!$D$1:$AG$164,35,0) -> 1
A35: 15 L DEZENFEKTAN DEPO KAPAK GRUBU | B35: =HLOOKUP(Grafik!$E$4,'Tüm Operasyonlar'!$D$1:$AG$164,36,0) -> 5 | C35: =HLOOKUP(Grafik!$E$5,'Tüm Operasyonlar'!$D$1:$AG$164,36,0) -> 5
A36: 15 L ATIK DEPO KAPAK GRUBU | B36: =HLOOKUP(Grafik!$E$4,'Tüm Operasyonlar'!$D$1:$AG$164,37,0) -> 5 | C36: =HLOOKUP(Grafik!$E$5,'Tüm Operasyonlar'!$D$1:$AG$164,37,0) -> 5
A37: 15 L TEMİZ SU DEPO+UV KAPAK GRUBU | B37: =HLOOKUP(Grafik!$E$4,'Tüm Operasyonlar'!$D$1:$AG$164,38,0) -> 5 | C37: =HLOOKUP(Grafik!$E$5,'Tüm Operasyonlar'!$D$1:$AG$164,38,0) -> 5
A38: 5 L DEPO KAPAK GRUBU | B38: =HLOOKUP(Grafik!$E$4,'Tüm Operasyonlar'!$D$1:$AG$164,39,0) -> 5 | C38: =HLOOKUP(Grafik!$E$5,'Tüm Operasyonlar'!$D$1:$AG$164,39,0) -> 5
A39: 15 L PASLANMAZ DEPO KAPAK GRUBU | B39: =HLOOKUP(Grafik!$E$4,'Tüm Operasyonlar'!$D$1:$AG$164,40,0) -> 5 | C39: =HLOOKUP(Grafik!$E$5,'Tüm Operasyonlar'!$D$1:$AG$164,40,0) -> 5
A40: AER 1 ÜST KAPAK ARKA MENTEŞE GRUBU | B40: =HLOOKUP(Grafik!$E$4,'Tüm Operasyonlar'!$D$1:$AG$164,41,0) -> 5 | C40: =HLOOKUP(Grafik!$E$5,'Tüm Operasyonlar'!$D$1:$AG$164,41,0) -> 5
A41: MANOMETRE GRUBU | B41: =HLOOKUP(Grafik!$E$4,'Tüm Operasyonlar'!$D$1:$AG$164,42,0) -> 5 | C41: =HLOOKUP(Grafik!$E$5,'Tüm Operasyonlar'!$D$1:$AG$164,42,0) -> 5
A42: OIL-LESS KAÇAK TEST MOTOR GRUBU | B42: =HLOOKUP(Grafik!$E$4,'Tüm Operasyonlar'!$D$1:$AG$164,43,0) -> 5 | C42: =HLOOKUP(Grafik!$E$5,'Tüm Operasyonlar'!$D$1:$AG$164,43,0) -> 3
A43: ALT SENSÖR GRUBU | B43: =HLOOKUP(Grafik!$E$4,'Tüm Operasyonlar'!$D$1:$AG$164,44,0) -> 5 | C43: =HLOOKUP(Grafik!$E$5,'Tüm Operasyonlar'!$D$1:$AG$164,44,0) -> 5
A44: ATIK MOTOR GRUBU | B44: =HLOOKUP(Grafik!$E$4,'Tüm Operasyonlar'!$D$1:$AG$164,45,0) -> 5 | C44: =HLOOKUP(Grafik!$E$5,'Tüm Operasyonlar'!$D$1:$AG$164,45,0) -> 3
A45: DEZENFEKTAN MOTOR GRUBU | B45: =HLOOKUP(Grafik!$E$4,'Tüm Operasyonlar'!$D$1:$AG$164,46,0) -> 5 | C45: =HLOOKUP(Grafik!$E$5,'Tüm Operasyonlar'!$D$1:$AG$164,46,0) -> 3
A46: TEMİZ SU MOTOR GRUBU | B46: =HLOOKUP(Grafik!$E$4,'Tüm Operasyonlar'!$D$1:$AG$164,47,0) -> 5 | C46: =HLOOKUP(Grafik!$E$5,'Tüm Operasyonlar'!$D$1:$AG$164,47,0) -> 3
A47: SİRKÜLASYON POMPASI GRUBU | B47: =HLOOKUP(Grafik!$E$4,'Tüm Operasyonlar'!$D$1:$AG$164,48,0) -> 5 | C47: =HLOOKUP(Grafik!$E$5,'Tüm Operasyonlar'!$D$1:$AG$164,48,0) -> 5
A48: OSB PAKETLEME | B48: =HLOOKUP(Grafik!$E$4,'Tüm Operasyonlar'!$D$1:$AG$164,49,0) -> 5 | C48: =HLOOKUP(Grafik!$E$5,'Tüm Operasyonlar'!$D$1:$AG$164,49,0) -> 5
A49: ATIK MOTOR ÇIKIŞ REKOR GRUBU | B49: =HLOOKUP(Grafik!$E$4,'Tüm Operasyonlar'!$D$1:$AG$164,50,0) -> 5 | C49: =HLOOKUP(Grafik!$E$5,'Tüm Operasyonlar'!$D$1:$AG$164,50,0) -> 5
A50: 5 L ENZİM DEPO REKOR GRUBU | B50: =HLOOKUP(Grafik!$E$4,'Tüm Operasyonlar'!$D$1:$AG$164,51,0) -> 5 | C50: =HLOOKUP(Grafik!$E$5,'Tüm Operasyonlar'!$D$1:$AG$164,51,0) -> 5
A51: 5 L ALKOL DEPO REKOR GRUBU | B51: =HLOOKUP(Grafik!$E$4,'Tüm Operasyonlar'!$D$1:$AG$164,52,0) -> 5 | C51: =HLOOKUP(Grafik!$E$5,'Tüm Operasyonlar'!$D$1:$AG$164,52,0) -> 5
A52: 5 L KONS. DEZ. DEPO REKOR GRUBU | B52: =HLOOKUP(Grafik!$E$4,'Tüm Operasyonlar'!$D$1:$AG$164,53,0) -> 5 | C52: =HLOOKUP(Grafik!$E$5,'Tüm Operasyonlar'!$D$1:$AG$164,53,0) -> 5
A53: EVYE DEZENFEKTAN DEPO REKOR GRUBU | B53: =HLOOKUP(Grafik!$E$4,'Tüm Operasyonlar'!$D$1:$AG$164,54,0) -> 5 | C53: =HLOOKUP(Grafik!$E$5,'Tüm Operasyonlar'!$D$1:$AG$164,54,0) -> 5
A54: EVYE TEMİZ DEPO REKOR GRUBU | B54: =HLOOKUP(Grafik!$E$4,'Tüm Operasyonlar'!$D$1:$AG$164,55,0) -> 5 | C54: =HLOOKUP(Grafik!$E$5,'Tüm Operasyonlar'!$D$1:$AG$164,55,0) -> 5
A55: OTO KAÇAK CPC GRUBU | B55: =HLOOKUP(Grafik!$E$4,'Tüm Operasyonlar'!$D$1:$AG$164,56,0) -> 5 | C55: =HLOOKUP(Grafik!$E$5,'Tüm Operasyonlar'!$D$1:$AG$164,56,0) -> 3
A56: HAVA ÇEK-VALFİ | B56: =HLOOKUP(Grafik!$E$4,'Tüm Operasyonlar'!$D$1:$AG$164,57,0) -> 5 | C56: =HLOOKUP(Grafik!$E$5,'Tüm Operasyonlar'!$D$1:$AG$164,57,0) -> 5
A57: 1/2 DİK ÇEK-VALF | B57: =HLOOKUP(Grafik!$E$4,'Tüm Operasyonlar'!$D$1:$AG$164,58,0) -> 5 | C57: =HLOOKUP(Grafik!$E$5,'Tüm Operasyonlar'!$D$1:$AG$164,58,0) -> 2
A58: SELENOİD GRUBU-ÇİFT SKOP ÇİFT TANK | B58: =HLOOKUP(Grafik!$E$4,'Tüm Operasyonlar'!$D$1:$AG$164,59,0) -> 5 | C58: =HLOOKUP(Grafik!$E$5,'Tüm Operasyonlar'!$D$1:$AG$164,59,0) -> 5
A59: EVYE İÇİ PAKET-ÇİFT SCOP | B59: =HLOOKUP(Grafik!$E$4,'Tüm Operasyonlar'!$D$1:$AG$164,60,0) -> 5 | C59: =HLOOKUP(Grafik!$E$5,'Tüm Operasyonlar'!$D$1:$AG$164,60,0) -> 3
A60: SU GİRİŞ VENTİLİ GRUBU | B60: =HLOOKUP(Grafik!$E$4,'Tüm Operasyonlar'!$D$1:$AG$164,61,0) -> 5 | C60: =HLOOKUP(Grafik!$E$5,'Tüm Operasyonlar'!$D$1:$AG$164,61,0) -> 5
A61: TAHLİYE VANA GRUBU PASLANMAZ | B61: =HLOOKUP(Grafik!$E$4,'Tüm Operasyonlar'!$D$1:$AG$164,62,0) -> 5 | C61: =HLOOKUP(Grafik!$E$5,'Tüm Operasyonlar'!$D$1:$AG$164,62,0) -> 4
A62: AER 1 SMC VALF GRUBU | B62: =HLOOKUP(Grafik!$E$4,'Tüm Operasyonlar'!$D$1:$AG$164,63,0) -> 5 | C62: =HLOOKUP(Grafik!$E$5,'Tüm Operasyonlar'!$D$1:$AG$164,63,0) -> 5
A63: UV LAMBA KÜP DUY GRUBU | B63: =HLOOKUP(Grafik!$E$4,'Tüm Operasyonlar'!$D$1:$AG$164,64,0) -> 5 | C63: =HLOOKUP(Grafik!$E$5,'Tüm Operasyonlar'!$D$1:$AG$164,64,0) -> 5
A64: ÜST SENSÖR GRUBU | B64: =HLOOKUP(Grafik!$E$4,'Tüm Operasyonlar'!$D$1:$AG$164,65,0) -> 5 | C64: =HLOOKUP(Grafik!$E$5,'Tüm Operasyonlar'!$D$1:$AG$164,65,0) -> 5
A65: AER-3 MONTAJ HATTI 1 | B65: =HLOOKUP(Grafik!$E$4,'Tüm Operasyonlar'!$D$1:$AG$164,66,0) -> - | C65: =HLOOKUP(Grafik!$E$5,'Tüm Operasyonlar'!$D$1:$AG$164,66,0) -> -
A66: AER-3 MONTAJ HATTI 2 | B66: =HLOOKUP(Grafik!$E$4,'Tüm Operasyonlar'!$D$1:$AG$164,67,0) -> - | C66: =HLOOKUP(Grafik!$E$5,'Tüm Operasyonlar'!$D$1:$AG$164,67,0) -> -
A67: AER-3 MONTAJ HATTI 3 | B67: =HLOOKUP(Grafik!$E$4,'Tüm Operasyonlar'!$D$1:$AG$164,68,0) -> - | C67: =HLOOKUP(Grafik!$E$5,'Tüm Operasyonlar'!$D$1:$AG$164,68,0) -> -
A68: AER-3 MONTAJ HATTI 4 | B68: =HLOOKUP(Grafik!$E$4,'Tüm Operasyonlar'!$D$1:$AG$164,69,0) -> - | C68: =HLOOKUP(Grafik!$E$5,'Tüm Operasyonlar'!$D$1:$AG$164,69,0) -> -
A69: AER-3 5 YIKAMA HAZIRLIK | B69: =HLOOKUP(Grafik!$E$4,'Tüm Operasyonlar'!$D$1:$AG$164,70,0) -> - | C69: =HLOOKUP(Grafik!$E$5,'Tüm Operasyonlar'!$D$1:$AG$164,70,0) -> -
A70: AER-3 YIKAMA HATTI REWORK | B70: =HLOOKUP(Grafik!$E$4,'Tüm Operasyonlar'!$D$1:$AG$164,71,0) -> - | C70: =HLOOKUP(Grafik!$E$5,'Tüm Operasyonlar'!$D$1:$AG$164,71,0) -> -
A71: AER-3 TEMİZLİK HATTI | B71: =HLOOKUP(Grafik!$E$4,'Tüm Operasyonlar'!$D$1:$AG$164,72,0) -> - | C71: =HLOOKUP(Grafik!$E$5,'Tüm Operasyonlar'!$D$1:$AG$164,72,0) -> -
A72: AER-3 PAKET ÖNCESİ HAZIRLIK | B72: =HLOOKUP(Grafik!$E$4,'Tüm Operasyonlar'!$D$1:$AG$164,73,0) -> - | C72: =HLOOKUP(Grafik!$E$5,'Tüm Operasyonlar'!$D$1:$AG$164,73,0) -> -
A73: AER-3 PAKETLEME OPERASYONU | B73: =HLOOKUP(Grafik!$E$4,'Tüm Operasyonlar'!$D$1:$AG$164,74,0) -> - | C73: =HLOOKUP(Grafik!$E$5,'Tüm Operasyonlar'!$D$1:$AG$164,74,0) -> -
A74: AER 3 EVYE İÇİ PAKET-ÇİFT SKOP | B74: =HLOOKUP(Grafik!$E$4,'Tüm Operasyonlar'!$D$1:$AG$164,75,0) -> 5 | C74: =HLOOKUP(Grafik!$E$5,'Tüm Operasyonlar'!$D$1:$AG$164,75,0) -> 3
A75: TEKLİ AKIŞ SENSÖR GRUBU-ENZİM ALKOL | B75: =HLOOKUP(Grafik!$E$4,'Tüm Operasyonlar'!$D$1:$AG$164,76,0) -> 5 | C75: =HLOOKUP(Grafik!$E$5,'Tüm Operasyonlar'!$D$1:$AG$164,76,0) -> 5
A76: TEKLİ AKIŞ SENSÖR GRUBU-KONSANTRE | B76: =HLOOKUP(Grafik!$E$4,'Tüm Operasyonlar'!$D$1:$AG$164,77,0) -> 5 | C76: =HLOOKUP(Grafik!$E$5,'Tüm Operasyonlar'!$D$1:$AG$164,77,0) -> 5
A77: HOUSING GRUBU | B77: =HLOOKUP(Grafik!$E$4,'Tüm Operasyonlar'!$D$1:$AG$164,78,0) -> 5 | C77: =HLOOKUP(Grafik!$E$5,'Tüm Operasyonlar'!$D$1:$AG$164,78,0) -> 5
A78: AER 3 CPC DAĞITICI-ÇİFT SKOP GRUBU | B78: =HLOOKUP(Grafik!$E$4,'Tüm Operasyonlar'!$D$1:$AG$164,79,0) -> 5 | C78: =HLOOKUP(Grafik!$E$5,'Tüm Operasyonlar'!$D$1:$AG$164,79,0) -> 3
A79: AER 3 NOZZLE DAĞITICI GRUBU | B79: =HLOOKUP(Grafik!$E$4,'Tüm Operasyonlar'!$D$1:$AG$164,80,0) -> 5 | C79: =HLOOKUP(Grafik!$E$5,'Tüm Operasyonlar'!$D$1:$AG$164,80,0) -> 5
A80: 15 L DEZENFEKTAN DEPO GRUBU | B80: =HLOOKUP(Grafik!$E$4,'Tüm Operasyonlar'!$D$1:$AG$164,81,0) -> 5 | C80: =HLOOKUP(Grafik!$E$5,'Tüm Operasyonlar'!$D$1:$AG$164,81,0) -> 2
A81: 2 L ATIK TANKI GRUBU | B81: =HLOOKUP(Grafik!$E$4,'Tüm Operasyonlar'!$D$1:$AG$164,82,0) -> 5 | C81: =HLOOKUP(Grafik!$E$5,'Tüm Operasyonlar'!$D$1:$AG$164,82,0) -> 2
A82: ATIK KOLLEKTÖR GRUBU | B82: =HLOOKUP(Grafik!$E$4,'Tüm Operasyonlar'!$D$1:$AG$164,83,0) -> 5 | C82: =HLOOKUP(Grafik!$E$5,'Tüm Operasyonlar'!$D$1:$AG$164,83,0) -> 5
A83: DOZAJ POMPA GRUBU-ENZİM ALKOL | B83: =HLOOKUP(Grafik!$E$4,'Tüm Operasyonlar'!$D$1:$AG$164,84,0) -> 5 | C83: =HLOOKUP(Grafik!$E$5,'Tüm Operasyonlar'!$D$1:$AG$164,84,0) -> 5
A84: DOZAJ POMPA GRUBU-KONSANTRE | B84: =HLOOKUP(Grafik!$E$4,'Tüm Operasyonlar'!$D$1:$AG$164,85,0) -> 5 | C84: =HLOOKUP(Grafik!$E$5,'Tüm Operasyonlar'!$D$1:$AG$164,85,0) -> 5
A85: DETROWASH AER 3 DOZAJ GRUBU | B85: =HLOOKUP(Grafik!$E$4,'Tüm Operasyonlar'!$D$1:$AG$164,86,0) -> 5 | C85: =HLOOKUP(Grafik!$E$5,'Tüm Operasyonlar'!$D$1:$AG$164,86,0) -> 2
A86: 70X100 TANITIM PLAKASI | B86: =HLOOKUP(Grafik!$E$4,'Tüm Operasyonlar'!$D$1:$AG$164,87,0) -> 5 | C86: =HLOOKUP(Grafik!$E$5,'Tüm Operasyonlar'!$D$1:$AG$164,87,0) -> 3
A87: GRAFİK EKRAN EVYE GRUBU-ÇİFT SKOP | B87: =HLOOKUP(Grafik!$E$4,'Tüm Operasyonlar'!$D$1:$AG$164,88,0) -> 5 | C87: =HLOOKUP(Grafik!$E$5,'Tüm Operasyonlar'!$D$1:$AG$164,88,0) -> 1
A88: SEPET | B88: =HLOOKUP(Grafik!$E$4,'Tüm Operasyonlar'!$D$1:$AG$164,89,0) -> 5 | C88: =HLOOKUP(Grafik!$E$5,'Tüm Operasyonlar'!$D$1:$AG$164,89,0) -> 1
A89: EVYE HAVA FİLTRESİ-ORTA | B89: =HLOOKUP(Grafik!$E$4,'Tüm Operasyonlar'!$D$1:$AG$164,90,0) -> 5 | C89: =HLOOKUP(Grafik!$E$5,'Tüm Operasyonlar'!$D$1:$AG$164,90,0) -> 1
A90: 5 L PASLANMAZ HAVA TANK GRUBU | B90: =HLOOKUP(Grafik!$E$4,'Tüm Operasyonlar'!$D$1:$AG$164,91,0) -> 5 | C90: =HLOOKUP(Grafik!$E$5,'Tüm Operasyonlar'!$D$1:$AG$164,91,0) -> 5
A91: 24V GÜÇ KABLOSU GRUBU | B91: =HLOOKUP(Grafik!$E$4,'Tüm Operasyonlar'!$D$1:$AG$164,92,0) -> 5 | C91: =HLOOKUP(Grafik!$E$5,'Tüm Operasyonlar'!$D$1:$AG$164,92,0) -> 5
A92: OTO KAÇAK TEST GRUBU-ÇİFT SKOP | B92: =HLOOKUP(Grafik!$E$4,'Tüm Operasyonlar'!$D$1:$AG$164,93,0) -> 5 | C92: =HLOOKUP(Grafik!$E$5,'Tüm Operasyonlar'!$D$1:$AG$164,93,0) -> 3
A93: BASINÇ TRANSMİTTER GRUBU | B93: =HLOOKUP(Grafik!$E$4,'Tüm Operasyonlar'!$D$1:$AG$164,94,0) -> 5 | C93: =HLOOKUP(Grafik!$E$5,'Tüm Operasyonlar'!$D$1:$AG$164,94,0) -> 3
A94: OTO KAÇAK 2/2 SELENOİD VALF GRUBU | B94: =HLOOKUP(Grafik!$E$4,'Tüm Operasyonlar'!$D$1:$AG$164,95,0) -> 5 | C94: =HLOOKUP(Grafik!$E$5,'Tüm Operasyonlar'!$D$1:$AG$164,95,0) -> 5
A95: OTO KAÇAK 3/2 BOBİNLİ VALF GRUBU - ÇİFT SKOP | B95: =HLOOKUP(Grafik!$E$4,'Tüm Operasyonlar'!$D$1:$AG$164,96,0) -> 5 | C95: =HLOOKUP(Grafik!$E$5,'Tüm Operasyonlar'!$D$1:$AG$164,96,0) -> 5
A96: DW AER 3 KOMPRESÖR GRUBU 50 HZ | B96: =HLOOKUP(Grafik!$E$4,'Tüm Operasyonlar'!$D$1:$AG$164,97,0) -> 5 | C96: =HLOOKUP(Grafik!$E$5,'Tüm Operasyonlar'!$D$1:$AG$164,97,0) -> 3
A97: AER 3 KOMPRESÖR BASINÇ ŞALTER GRUBU | B97: =HLOOKUP(Grafik!$E$4,'Tüm Operasyonlar'!$D$1:$AG$164,98,0) -> 5 | C97: =HLOOKUP(Grafik!$E$5,'Tüm Operasyonlar'!$D$1:$AG$164,98,0) -> 3
A98: AER 3 KOMPRESÖR VOLTAJ KORUMALI VALF GRUBU | B98: =HLOOKUP(Grafik!$E$4,'Tüm Operasyonlar'!$D$1:$AG$164,99,0) -> 5 | C98: =HLOOKUP(Grafik!$E$5,'Tüm Operasyonlar'!$D$1:$AG$164,99,0) -> 3
A99: ENZİM-ALKOL BİDON KAPAK GRUBU | B99: =HLOOKUP(Grafik!$E$4,'Tüm Operasyonlar'!$D$1:$AG$164,100,0) -> 5 | C99: =HLOOKUP(Grafik!$E$5,'Tüm Operasyonlar'!$D$1:$AG$164,100,0) -> 5
A100: 15 L DEZENFEKTAN DEPO KAPAK GRUBU | B100: =HLOOKUP(Grafik!$E$4,'Tüm Operasyonlar'!$D$1:$AG$164,101,0) -> 5 | C100: =HLOOKUP(Grafik!$E$5,'Tüm Operasyonlar'!$D$1:$AG$164,101,0) -> 5
...

Sheet Tüm Operasyonlar
A1: SIRA NO | B1: CİHAZ | C1: STOK KODU | D1: STOK ADI | E1: ZORLUK DERECESİ | F1: İZZET ATAKAN DEMİR (H) | G1: İZZET ATAKAN DEMİR | H1: ÜMİT UZUN (H) | I1: ÜMİT UZUN | J1: TOLGAHAN ÇEBİ (H) | K1: TOLGAHAN ÇEBİ | L1: KAĞAN UDUM (H) | M1: KAĞAN UDUM | N1: OZAN HATAY (H) | O1: OZAN HATAY | P1: MURAT KİRAZ (H) | Q1: MURAT KİRAZ | R1: VOLKAN KAVLAK (H) | S1: VOLKAN KAVLAK | T1: MUSA HIZIR (H) | U1: MUSA HIZIR | V1: ÖZER KOÇ (H) | W1: ÖZER KOÇ | X1: ÖMER POLAT (H) | Y1: ÖMER POLAT | Z1: SEMRA ULTAV (H) | AA1: SEMRA ULTAV | AB1: HANDE GÜNAYDIN (H) | AC1: HANDE GÜNAYDIN | AD1: SULTAN SOLAK (H) | AE1: SULTAN SOLAK | AF1: EMİR KODAŞ (H) | AG1: EMİR KODAŞ
F2: HEDEF | G2: GERÇEKLEŞEN | H2: HEDEF | I2: GERÇEKLEŞEN | J2: HEDEF | K2: GERÇEKLEŞEN | L2: HEDEF | M2: GERÇEKLEŞEN | N2: HEDEF | O2: GERÇEKLEŞEN | P2: HEDEF | Q2: GERÇEKLEŞEN | R2: HEDEF | S2: GERÇEKLEŞEN | T2: HEDEF | U2: GERÇEKLEŞEN | V2: HEDEF | W2: GERÇEKLEŞEN | X2: HEDEF | Y2: GERÇEKLEŞEN | Z2: HEDEF | AA2: GERÇEKLEŞEN | AB2: HEDEF | AC2: GERÇEKLEŞEN | AD2: HEDEF | AE2: GERÇEKLEŞEN | AF2: HEDEF | AG2: GERÇEKLEŞEN
A3: 1 | B3: AER-1 | C3: AER-1 | D3: AER-1 MONTAJ HATTI 1 | E3: 4 | F3: 5 | G3: 4 | H3: 5 | I3: 2 | J3: 5 | K3: 5 | L3: 5 | M3: 5 | N3: - | O3: - | P3: 5 | Q3: 4 | R3: 5 | S3: 5 | T3: - | U3: - | V3: - | W3: - | X3: - | Y3: - | Z3: - | AA3: - | AB3: - | AC3: - | AD3: - | AE3: - | AF3: - | AG3: -
A4: 2 | B4: AER-1 | C4: AER-1 | D4: AER-1 MONTAJ HATTI 2 | E4: 4 | F4: 5 | G4: 4 | H4: 5 | I4: 2 | J4: 5 | K4: 5 | L4: 5 | M4: 5 | N4: - | O4: - | P4: 5 | Q4: 4 | R4: 5 | S4: 5 | T4: - | U4: - | V4: - | W4: - | X4: - | Y4: - | Z4: - | AA4: - | AB4: - | AC4: - | AD4: - | AE4: - | AF4: - | AG4: -
A5: 3 | B5: AER-1 | C5: AER-1 | D5: AER-1 MONTAJ HATTI 3 | E5: 5 | F5: 5 | G5: 4 | H5: 5 | I5: 1 | J5: 5 | K5: 5 | L5: 5 | M5: 3 | N5: - | O5: - | P5: 5 | Q5: 3 | R5: 5 | S5: 3 | T5: - | U5: - | V5: - | W5: - | X5: - | Y5: - | Z5: - | AA5: - | AB5: - | AC5: - | AD5: - | AE5: - | AF5: - | AG5: -
A6: 4 | B6: AER-1 | C6: AER-1 | D6: AER-1 MONTAJ HATTI 4 | E6: 5 | F6: 5 | G6: 4 | H6: 5 | I6: 1 | J6: 5 | K6: 5 | L6: 5 | M6: 5 | N6: - | O6: - | P6: 5 | Q6: 3 | R6: 5 | S6: 5 | T6: - | U6: - | V6: - | W6: - | X6: - | Y6: - | Z6: - | AA6: - | AB6: - | AC6: - | AD6: - | AE6: - | AF6: - | AG6: -
A7: 5 | B7: AER-1 | C7: AER-1 | D7: AER-1 5 YIKAMA HAZIRLIK | E7: 5 | F7: 5 | G7: 3 | H7: 5 | I7: 1 | J7: 5 | K7: 3 | L7: 5 | M7: 5 | N7: 5 | O7: 5 | P7: 5 | Q7: 3 | R7: 5 | S7: 5 | T7: - | U7: - | V7: - | W7: - | X7: - | Y7: - | Z7: - | AA7: - | AB7: - | AC7: - | AD7: - | AE7: - | AF7: - | AG7: -
A8: 6 | B8: AER-1 | C8: AER-1 | D8: AER-1 YIKAMA HATTI REWORK | E8: 5 | F8: 5 | G8: 5 | H8: 5 | I8: 1 | J8: 5 | K8: 5 | L8: 5 | M8: 5 | N8: 5 | O8: 3 | P8: 5 | Q8: 3 | R8: 5 | S8: 5 | T8: - | U8: - | V8: - | W8: - | X8: - | Y8: - | Z8: - | AA8: - | AB8: - | AC8: - | AD8: - | AE8: - | AF8: - | AG8: -
A9: 7 | B9: AER-1 | C9: AER-1 | D9: AER-1 TEMİZLİK HATTI | E9: 2 | F9: 5 | G9: 3 | H9: 5 | I9: 1 | J9: 5 | K9: 3 | L9: 5 | M9: 3 | N9: 5 | O9: 3 | P9: 5 | Q9: 3 | R9: 5 | S9: 3 | T9: - | U9: - | V9: - | W9: - | X9: - | Y9: - | Z9: - | AA9: - | AB9: 5 | AC9: 5 | AD9: - | AE9: - | AF9: - | AG9: -
A10: 8 | B10: AER-1 | C10: AER-1 | D10: AER-1 PAKET ÖNCESİ HAZIRLIK | E10: 4 | F10: 5 | G10: 3 | H10: 5 | I10: 1 | J10: 5 | K10: 3 | L10: 5 | M10: 5 | N10: 5 | O10: 3 | P10: 5 | Q10: 2 | R10: 5 | S10: 5 | T10: - | U10: - | V10: - | W10: - | X10: - | Y10: - | Z10: - | AA10: - | AB10: - | AC10: - | AD10: - | AE10: - | AF10: - | AG10: -
A11: 9 | B11: AER-1 | C11: AER-1 | D11: AER-1 PAKETLEME OPERASYONU | E11: 3 | F11: 5 | G11: 5 | H11: 5 | I11: 2 | J11: 5 | K11: 5 | L11: 5 | M11: 5 | N11: 5 | O11: 3 | P11: 5 | Q11: 5 | R11: 5 | S11: 5 | T11: - | U11: - | V11: - | W11: - | X11: - | Y11: - | Z11: - | AA11: - | AB11: - | AC11: - | AD11: - | AE11: - | AF11: - | AG11: -
A12: 10 | B12: AER-1 | C12: M-Y-DC.001 | D12: CPC ERKEK 90° | E12: 2 | F12: - | G12: - | H12: - | I12: - | J12: - | K12: - | L12: - | M12: - | N12: - | O12: - | P12: - | Q12: - | R12: - | S12: - | T12: 5 | U12: 5 | V12: 5 | W12: 5 | X12: 5 | Y12: 5 | Z12: 5 | AA12: 5 | AB12: 5 | AC12: 5 | AD12: 5 | AE12: 5 | AF12: 5 | AG12: 5
A13: 11 | B13: AER-1 | C13: M-Y-DF.001 | D13: DIŞ FİLTRE GRUBU | E13: 5 | F13: - | G13: - | H13: - | I13: - | J13: - | K13: - | L13: - | M13: - | N13: - | O13: - | P13: - | Q13: - | R13: - | S13: - | T13: 5 | U13: 5 | V13: 5 | W13: 5 | X13: 5 | Y13: 5 | Z13: 5 | AA13: 5 | AB13: 5 | AC13: 2 | AD13: 5 | AE13: 2 | AF13: 5 | AG13: 4
A14: 12 | B14: AER-1 | C14: M-Y-DG.001 | D14: CPC DAĞITICI-ÇİFT SKOP GRUBU | E14: 5 | F14: - | G14: - | H14: - | I14: - | J14: - | K14: - | L14: - | M14: - | N14: - | O14: - | P14: - | Q14: - | R14: - | S14: - | T14: 5 | U14: 5 | V14: 5 | W14: 5 | X14: 5 | Y14: 5 | Z14: 5 | AA14: 5 | AB14: 5 | AC14: 3 | AD14: 5 | AE14: 2 | AF14: 5 | AG14: 5
A15: 13 | B15: AER-1 | C15: M-Y-DG.002 | D15: NOZZLE DAĞITICI GRUBU | E15: 5 | F15: - | G15: - | H15: - | I15: - | J15: - | K15: - | L15: - | M15: - | N15: - | O15: - | P15: - | Q15: - | R15: - | S15: - | T15: 5 | U15: 5 | V15: 5 | W15: 5 | X15: 5 | Y15: 5 | Z15: 5 | AA15: 5 | AB15: 5 | AC15: 3 | AD15: 5 | AE15: 2 | AF15: 5 | AG15: 5
A16: 14 | B16: AER-1 | C16: M-Y-DK.001 | D16: DOLUM KAPAK GRUBU-ALKOL | E16: 2 | F16: - | G16: - | H16: - | I16: - | J16: - | K16: - | L16: - | M16: - | N16: - | O16: - | P16: - | Q16: - | R16: - | S16: - | T16: 5 | U16: 5 | V16: 5 | W16: 5 | X16: 5 | Y16: 5 | Z16: 5 | AA16: 5 | AB16: 5 | AC16: 5 | AD16: 5 | AE16: 4 | AF16: 5 | AG16: 5
A17: 15 | B17: AER-1 | C17: M-Y-DK.003 | D17: DOLUM KAPAK GRUBU-ENZIMATIK | E17: 2 | F17: - | G17: - | H17: - | I17: - | J17: - | K17: - | L17: - | M17: - | N17: - | O17: - | P17: - | Q17: - | R17: - | S17: - | T17: 5 | U17: 5 | V17: 5 | W17: 5 | X17: 5 | Y17: 5 | Z17: 5 | AA17: 5 | AB17: 5 | AC17: 5 | AD17: 5 | AE17: 4 | AF17: 5 | AG17: 5
A18: 16 | B18: AER-1 | C18: M-Y-DK.004 | D18: DOLUM KAPAK GRUBU-KONSANTRE | E18: 2 | F18: - | G18: - | H18: - | I18: - | J18: - | K18: - | L18: - | M18: - | N18: - | O18: - | P18: - | Q18: - | R18: - | S18: - | T18: 5 | U18: 5 | V18: 5 | W18: 5 | X18: 5 | Y18: 5 | Z18: 5 | AA18: 5 | AB18: 5 | AC18: 5 | AD18: 5 | AE18: 4 | AF18: 5 | AG18: 5
A19: 17 | B19: AER-1 | C19: M-Y-DP.001 | D19: 5 L KONS. DEZ. DEPO GRUBU | E19: 4 | F19: - | G19: - | H19: - | I19: - | J19: - | K19: - | L19: - | M19: - | N19: - | O19: - | P19: - | Q19: - | R19: - | S19: - | T19: 5 | U19: 5 | V19: 5 | W19: 5 | X19: 5 | Y19: 5 | Z19: 5 | AA19: 5 | AB19: 5 | AC19: 2 | AD19: 5 | AE19: 2 | AF19: 5 | AG19: 2
A20: 18 | B20: AER-1 | C20: M-Y-DP.002 | D20: 5 L ENZİM DEPO GRUBU | E20: 4 | F20: - | G20: - | H20: - | I20: - | J20: - | K20: - | L20: - | M20: - | N20: - | O20: - | P20: - | Q20: - | R20: - | S20: - | T20: 5 | U20: 5 | V20: 5 | W20: 5 | X20: 5 | Y20: 5 | Z20: 5 | AA20: 5 | AB20: 5 | AC20: 2 | AD20: 5 | AE20: 2 | AF20: 5 | AG20: 2
A21: 19 | B21: AER-1 | C21: M-Y-DP.003 | D21: 5 L ALKOL DEPO GRUBU | E21: 4 | F21: - | G21: - | H21: - | I21: - | J21: - | K21: - | L21: - | M21: - | N21: - | O21: - | P21: - | Q21: - | R21: - | S21: - | T21: 5 | U21: 5 | V21: 5 | W21: 5 | X21: 5 | Y21: 5 | Z21: 5 | AA21: 5 | AB21: 5 | AC21: 2 | AD21: 5 | AE21: 2 | AF21: 5 | AG21: 2
A22: 20 | B22: AER-1 | C22: M-Y-DP.005 | D22: 15 L ATIK DEPO GRUBU | E22: 4 | F22: - | G22: - | H22: - | I22: - | J22: - | K22: - | L22: - | M22: - | N22: - | O22: - | P22: - | Q22: - | R22: - | S22: - | T22: 5 | U22: 5 | V22: 5 | W22: 5 | X22: 5 | Y22: 3 | Z22: 5 | AA22: 3 | AB22: 5 | AC22: 2 | AD22: 5 | AE22: 2 | AF22: 5 | AG22: 2
A23: 21 | B23: AER-1 | C23: M-Y-DP.007 | D23: 15 L DEZENFEKTAN DEPO GRUBU | E23: 4 | F23: - | G23: - | H23: - | I23: - | J23: - | K23: - | L23: - | M23: - | N23: - | O23: - | P23: - | Q23: - | R23: - | S23: - | T23: 5 | U23: 5 | V23: 5 | W23: 5 | X23: 5 | Y23: 3 | Z23: 5 | AA23: 3 | AB23: 5 | AC23: 2 | AD23: 5 | AE23: 2 | AF23: 5 | AG23: 2
... A48: 46 | B48: AER-1 | C48: M-Y-MT.003 | D48: SİRKÜLASYON POMPASI GRUBU | E48: 3 | F48: - | G48: - | H48: - | I48: - | J48: - | K48: - | L48: - | M48: - | N48: - | O48: - | P48: - | Q48: - | R48: - | S48: - | T48: 5 | U48: 5 | V48: 5 | W48: 5 | X48: 5 | Y48: 5 | Z48: 5 | AA48: 5 | AB48: 5 | AC48: 5 | AD48: 5 | AE48: 3 | AF48: 5 | AG48: 5
A49: 47 | B49: AER-1 | C49: M-Y-OSB.001 | D49: OSB PAKETLEME | E49: 3 | F49: - | G49: - | H49: - | I49: - | J49: - | K49: - | L49: - | M49: - | N49: - | O49: - | P49: - | Q49: - | R49: - | S49: - | T49: 5 | U49: 3 | V49: 5 | W49: 5 | X49: 5 | Y49: 3 | Z49: - | AA49: - | AB49: - | AC49: - | AD49: - | AE49: - | AF49: 5 | AG49: 5
A50: 48 | B50: AER-1 | C50: M-Y-RG.001 | D50: ATIK MOTOR ÇIKIŞ REKOR GRUBU | E50: 1 | F50: - | G50: - | H50: - | I50: - | J50: - | K50: - | L50: - | M50: - | N50: - | O50: - | P50: - | Q50: - | R50: - | S50: - | T50: 5 | U50: 5 | V50: 5 | W50: 5 | X50: 5 | Y50: 5 | Z50: 5 | AA50: 5 | AB50: 5 | AC50: 5 | AD50: 5 | AE50: 4 | AF50: 5 | AG50: 5
A51: 49 | B51: AER-1 | C51: M-Y-RG.003 | D51: 5 L ENZİM DEPO REKOR GRUBU | E51: 1 | F51: - | G51: - | H51: - | I51: - | J51: - | K51: - | L51: - | M51: - | N51: - | O51: - | P51: - | Q51: - | R51: - | S51: - | T51: 5 | U51: 5 | V51: 5 | W51: 5 | X51: 5 | Y51: 5 | Z51: 5 | AA51: 5 | AB51: 5 | AC51: 5 | AD51: 5 | AE51: 4 | AF51: 5 | AG51: 5
A52: 50 | B52: AER-1 | C52: M-Y-RG.004 | D52: 5 L ALKOL DEPO REKOR GRUBU | E52: 1 | F52: - | G52: - | H52: - | I52: - | J52: - | K52: - | L52: - | M52: - | N52: - | O52: - | P52: - | Q52: - | R52: - | S52: - | T52: 5 | U52: 5 | V52: 5 | W52: 5 | X52: 5 | Y52: 5 | Z52: 5 | AA52: 5 | AB52: 5 | AC52: 5 | AD52: 5 | AE52: 4 | AF52: 5 | AG52: 5
A53: 51 | B53: AER-1 | C53: M-Y-RG.005 | D53: 5 L KONS. DEZ. DEPO REKOR GRUBU | E53: 1 | F53: - | G53: - | H53: - | I53: - | J53: - | K53: - | L53: - | M53: - | N53: - | O53: - | P53: - | Q53: - | R53: - | S53: - | T53: 5 | U53: 5 | V53: 5 | W53: 5 | X53: 5 | Y53: 5 | Z53: 5 | AA53: 5 | AB53: 5 | AC53: 5 | AD53: 5 | AE53: 4 | AF53: 5 | AG53: 5
A54: 52 | B54: AER-1 | C54: M-Y-RG.006 | D54: EVYE DEZENFEKTAN DEPO REKOR GRUBU | E54: 1 | F54: - | G54: - | H54: - | I54: - | J54: - | K54: - | L54: - | M54: - | N54: - | O54: - | P54: - | Q54: - | R54: - | S54: - | T54: 5 | U54: 5 | V54: 5 | W54: 5 | X54: 5 | Y54: 5 | Z54: 5 | AA54: 5 | AB54: 5 | AC54: 5 | AD54: 5 | AE54: 4 | AF54: 5 | AG54: 5
A55: 53 | B55: AER-1 | C55: M-Y-RG.007 | D55: EVYE TEMİZ DEPO REKOR GRUBU | E55: 1 | F55: - | G55: - | H55: - | I55: - | J55: - | K55: - | L55: - | M55: - | N55: - | O55: - | P55: - | Q55: - | R55: - | S55: - | T55: 5 | U55: 5 | V55: 5 | W55: 5 | X55: 5 | Y55: 5 | Z55: 5 | AA55: 5 | AB55: 5 | AC55: 5 | AD55: 5 | AE55: 4 | AF55: 5 | AG55: 5
A56: 54 | B56: AER-1 | C56: M-Y-RK.009 | D56: OTO KAÇAK CPC GRUBU | E56: 5 | F56: - | G56: - | H56: - | I56: - | J56: - | K56: - | L56: - | M56: - | N56: - | O56: - | P56: - | Q56: - | R56: - | S56: - | T56: 5 | U56: 5 | V56: 5 | W56: 5 | X56: 5 | Y56: 5 | Z56: 5 | AA56: 5 | AB56: 5 | AC56: 2 | AD56: 5 | AE56: 4 | AF56: 5 | AG56: 3
A57: 55 | B57: AER-1 | C57: M-Y-RK.010 | D57: HAVA ÇEK-VALFİ | E57: 4 | F57: - | G57: - | H57: - | I57: - | J57: - | K57: - | L57: - | M57: - | N57: - | O57: - | P57: - | Q57: - | R57: - | S57: - | T57: 5 | U57: 5 | V57: 5 | W57: 5 | X57: 5 | Y57: 5 | Z57: 5 | AA57: 5 | AB57: 5 | AC57: 5 | AD57: 5 | AE57: 4 | AF57: 5 | AG57: 5
A58: 56 | B58: AER-1 | C58: M-Y-RK.011 | D58: 1/2 DİK ÇEK-VALF | E58: 5 | F58: - | G58: - | H58: - | I58: - | J58: - | K58: - | L58: - | M58: - | N58: - | O58: - | P58: - | Q58: - | R58: - | S58: - | T58: 5 | U58: 5 | V58: 5 | W58: 5 | X58: 5 | Y58: 5 | Z58: 5 | AA58: 5 | AB58: 5 | AC58: 2 | AD58: 5 | AE58: 2 | AF58: 5 | AG58: 2
A59: 57 | B59: AER-1 | C59: M-Y-5S.013 | D59: SELENOİD GRUBU-ÇİFT SKOP ÇİFT TANK | E59: 5 | F59: - | G59: - | H59: - | I59: - | J59: - | K59: - | L59: - | M59: - | N59: - | O59: - | P59: - | Q59: - | R59: - | S59: - | T59: 5 | U59: 5 | V59: 5 | W59: 5 | X59: 5 | Y59: 5 | Z59: 5 | AA59: 5 | AB59: 5 | AC59: 2 | AD59: 5 | AE59: 2 | AF59: 5 | AG59: 5
A60: 58 | B60: AER-1 | C60: M-Y-AB.004 | D60: EVYE İÇİ PAKET-ÇİFT SCOP | E60: 2 | F60: - | G60: - | H60: - | I60: - | J60: - | K60: - | L60: - | M60: - | N60: - | O60: - | P60: - | Q60: - | R60: - | S60: - | T60: 5 | U60: 3 | V60: 5 | W60: 5 | X60: 5 | Y60: 3 | Z60: 5 | AA60: 5 | AB60: 5 | AC60: 5 | AD60: 5 | AE60: 3 | AF60: 5 | AG60: 3
A61: 59 | B61: AER-1 | C61: M-Y-SG.001 | D61: SU GİRİŞ VENTİLİ GRUBU | E61: 4 | F61: - | G61: - | H61: - | I61: - | J61: - | K61: - | L61: - | M61: - | N61: - | O61: - | P61: - | Q61: - | R61: - | S61: - | T61: 5 | U61: 5 | V61: 5 | W61: 5 | X61: 5 | Y61: 5 | Z61: 5 | AA61: 5 | AB61: 5 | AC61: 5 | AD61: 5 | AE61: 4 | AF61: 5 | AG61: 5
... A65: 63 | B65: AER-1 | C65: M-Y-ÜS.001 | D65: ÜST SENSÖR GRUBU | E65: 2 | F65: - | G65: - | H65: - | I65: - | J65: - | K65: - | L65: - | M65: - | N65: - | O65: - | P65: - | Q65: - | R65: - | S65: - | T65: 5 | U65: 5 | V65: 5 | W65: 5 | X65: 5 | Y65: 5 | Z65: 5 | AA65: 5 | AB65: 5 | AC65: 5 | AD65: 5 | AE65: 4 | AF65: 5 | AG65: 5
A66: 64 | B66: AER-3 | C66: AER-3 | D66: AER-3 MONTAJ HATTI 1 | E66: 4 | F66: 5 | G66: 4 | H66: 5 | I66: 2 | J66: 5 | K66: 5 | L66: 5 | M66: 5 | N66: - | O66: - | P66: 5 | Q66: 4 | R66: 5 | S66: 5 | T66: - | U66: - | V66: - | W66: - | X66: - | Y66: - | Z66: - | AA66: - | AB66: - | AC66: - | AD66: - | AE66: - | AF66: - | AG66: -
A67: 65 | B67: AER-3 | C67: AER-3 | D67: AER-3 MONTAJ HATTI 2 | E67: 4 | F67: 5 | G67: 4 | H67: 5 | I67: 2 | J67: 5 | K67: 5 | L67: 5 | M67: 5 | N67: - | O67: - | P67: 5 | Q67: 4 | R67: 5 | S67: 5 | T67: - | U67: - | V67: - | W67: - | X67: - | Y67: - | Z67: - | AA67: - | AB67: - | AC67: - | AD67: - | AE67: - | AF67: - | AG67: -
A68: 66 | B68: AER-3 | C68: AER-3 | D68: AER-3 MONTAJ HATTI 3 | E68: 5 | F68: 5 | G68: 3 | H68: 5 | I68: 1 | J68: 5 | K68: 5 | L68: 5 | M68: 4 | N68: - | O68: - | P68: 5 | Q68: 3 | R68: 5 | S68: 3 | T68: - | U68: - | V68: - | W68: - | X68: - | Y68: - | Z68: - | AA68: - | AB68: - | AC68: - | AD68: - | AE68: - | AF68: - | AG68: -
A69: 67 | B69: AER-3 | C69: AER-3 | D69: AER-3 MONTAJ HATTI 4 | E69: 5 | F69: 5 | G69: 3 | H69: 5 | I69: 1 | J69: 5 | K69: 5 | L69: 5 | M69: 5 | N69: - | O69: - | P69: 5 | Q69: 3 | R69: 5 | S69: 5 | T69: - | U69: - | V69: - | W69: - | X69: - | Y69: - | Z69: - | AA69: - | AB69: - | AC69: - | AD69: - | AE69: - | AF69: - | AG69: -
A70: 68 | B70: AER-3 | C70: AER-3 | D70: AER-3 5 YIKAMA HAZIRLIK | E70: 5 | F70: 5 | G70: 2 | H70: 5 | I70: 1 | J70: 5 | K70: 3 | L70: 5 | M70: 5 | N70: 5 | O70: 4 | P70: 5 | Q70: 1 | R70: 5 | S70: 5 | T70: - | U70: - | V70: - | W70: - | X70: - | Y70: - | Z70: - | AA70: - | AB70: - | AC70: - | AD70: - | AE70: - | AF70: - | AG70: -
A71: 69 | B71: AER-3 | C71: AER-3 | D71: AER-3 YIKAMA HATTI REWORK | E71: 5 | F71: 5 | G71: 3 | H71: 5 | I71: 1 | J71: 5 | K71: 5 | L71: 5 | M71: 5 | N71: 5 | O71: 3 | P71: 5 | Q71: 4 | R71: 5 | S71: 5 | T71: - | U71: - | V71: - | W71: - | X71: - | Y71: - | Z71: - | AA71: - | AB71: - | AC71: - | AD71: - | AE71: - | AF71: - | AG71: -
A72: 70 | B72: AER-3 | C72: AER-3 | D72: AER-3 TEMİZLİK HATTI | E72: 2 | F72: 5 | G72: 3 | H72: 5 | I72: 1 | J72: 5 | K72: 3 | L72: 5 | M72: 3 | N72: 5 | O72: 3 | P72: 5 | Q72: 3 | R72: 5 | S72: 3 | T72: - | U72: - | V72: - | W72: - | X72: - | Y72: - | Z72: - | AA72: - | AB72: 5 | AC72: 5 | AD72: - | AE72: - | AF72: - | AG72: -
A73: 71 | B73: AER-3 | C73: AER-3 | D73: AER-3 PAKET ÖNCESİ HAZIRLIK | E73: 4 | F73: 5 | G73: 3 | H73: 5 | I73: 1 | J73: 5 | K73: 3 | L73: 5 | M73: 5 | N73: 5 | O73: 3 | P73: 5 | Q73: 3 | R73: 5 | S73: 5 | T73: - | U73: - | V73: - | W73: - | X73: - | Y73: - | Z73: - | AA73: - | AB73: - | AC73: - | AD73: - | AE73: - | AF73: - | AG73: -
A74: 72 | B74: AER-3 | C74: AER-3 | D74: AER-3 PAKETLEME OPERASYONU | E74: 3 | F74: 5 | G74: 5 | H74: 5 | I74: 2 | J74: 5 | K74: 5 | L74: 5 | M74: 5 | N74: 5 | O74: 3 | P74: 5 | Q74: 5 | R74: 5 | S74: 5 | T74: - | U74: - | V74: - | W74: - | X74: - | Y74: - | Z74: - | AA74: - | AB74: - | AC74: - | AD74: - | AE74: - | AF74: - | AG74: -
A75: 73 | B75: AER-3 | C75: M-Y-AB.005 | D75: AER 3 EVYE İÇİ PAKET-ÇİFT SKOP | E75: 2 | F75: - | G75: - | H75: - | I75: - | J75: - | K75: - | L75: - | M75: - | N75: - | O75: - | P75: - | Q75: - | R75: - | S75: - | T75: 5 | U75: 3 | V75: 5 | W75: 5 | X75: 5 | Y75: 3 | Z75: 5 | AA75: 5 | AB75: 5 | AC75: 5 | AD75: 5 | AE75: 5 | AF75: 5 | AG75: 3
A76: 74 | B76: AER-3 | C76: M-Y-AS.003 | D76: TEKLİ AKIŞ SENSÖR GRUBU-ENZİM ALKOL | E76: 2 | F76: - | G76: - | H76: - | I76: - | J76: - | K76: - | L76: - | M76: - | N76: - | O76: - | P76: - | Q76: - | R76: - | S76: - | T76: 5 | U76: 5 | V76: 5 | W76: 5 | X76: 5 | Y76: 5 | Z76: 5 | AA76: 5 | AB76: 5 | AC76: 5 | AD76: 5 | AE76: 5 | AF76: 5 | AG76: 5
A77: 75 | B77: AER-3 | C77: M-Y-AS.004 | D77: TEKLİ AKIŞ SENSÖR GRUBU-KONSANTRE | E77: 2 | F77: - | G77: - | H77: - | I77: - | J77: - | K77: - | L77: - | M77: - | N77: - | O77: - | P77: - | Q77: - | R77: - | S77: - | T77: 5 | U77: 5 | V77: 5 | W77: 5 | X77: 5 | Y77: 5 | Z77: 5 | AA77: 5 | AB77: 5 | AC77: 5 | AD77: 5 | AE77: 5 | AF77: 5 | AG77: 5
A78: 76 | B78: AER-3 | C78: M-Y-DF.003 | D78: HOUSING GRUBU | E78: 4 | F78: - | G78: - | H78: - | I78: - | J78: - | K78: - | L78: - | M78: - | N78: - | O78: - | P78: - | Q78: - | R78: - | S78: - | T78: 5 | U78: 5 | V78: 5 | W78: 5 | X78: 5 | Y78: 5 | Z78: 5 | AA78: 5 | AB78: 5 | AC78: 3 | AD78: 5 | AE78: 3 | AF78: 5 | AG78: 5
A79: 77 | B79: AER-3 | C79: M-Y-DG.004 | D79: AER 3 CPC DAĞITICI-ÇİFT SKOP GRUBU | E79: 4 | F79: - | G79: - | H79: - | I79: - | J79: - | K79: - | L79: - | M79: - | N79: - | O79: - | P79: - | Q79: - | R79: - | S79: - | T79: 5 | U79: 5 | V79: 5 | W79: 5 | X79: 5 | Y79: 5 | Z79: 5 | AA79: 5 | AB79: 5 | AC79: 5 | AD79: 5 | AE79: 3 | AF79: 5 | AG79: 3
A80: 78 | B80: AER-3 | C80: M-Y-DG.005 | D80: AER 3 NOZZLE DAĞITICI GRUBU | E80: 4 | F80: - | G80: - | H80: - | I80: - | J80: - | K80: - | L80: - | M80: - | N80: - | O80: - | P80: - | Q80: - | R80: - | S80: - | T80: 5 | U80: 5 | V80: 5 | W80: 5 | X80: 5 | Y80: 5 | Z80: 5 | AA80: 5 | AB80: 5 | AC80: 5 | AD80: 5 | AE80: 3 | AF80: 5 | AG80: 5
A81: 79 | B81: AER-3 | C81: M-Y-DP.010 | D81: 15 L DEZENFEKTAN DEPO GRUBU | E81: 4 | F81: - | G81: - | H81: - | I81: - | J81: - | K81: - | L81: - | M81: - | N81: - | O81: - | P81: - | Q81: - | R81: - | S81: - | T81: 5 | U81: 5 | V81: 5 | W81: 5 | X81: 5 | Y81: 3 | Z81: 5 | AA81: 3 | AB81: 5 | AC81: 2 | AD81: 5 | AE81: 2 | AF81: 5 | AG81: 2
A82: 80 | B82: AER-3 | C82: M-Y-DP.021 | D82: 2 L ATIK TANKI GRUBU | E82: 4 | F82: - | G82: - | H82: - | I82: - | J82: - | K82: - | L82: - | M82: - | N82: - | O82: - | P82: - | Q82: - | R82: - | S82: - | T82: 5 | U82: 5 | V82: 5 | W82: 5 | X82: 5 | Y82: 3 | Z82: 5 | AA82: 3 | AB82: 5 | AC82: 2 | AD82: 5 | AE82: 2 | AF82: 5 | AG82: 2
A83: 81 | B83: AER-3 | C83: M-Y-DP.022 | D83: ATIK KOLLEKTÖR GRUBU | E83: 3 | F83: - | G83: - | H83: - | I83: - | J83: - | K83: - | L83: - | M83: - | N83: - | O83: - | P83: - | Q83: - | R83: - | S83: - | T83: 5 | U83: 5 | V83: 5 | W83: 5 | X83: 5 | Y83: 5 | Z83: 5 | AA83: 5 | AB83: 5 | AC83: 3 | AD83: 5 | AE83: 3 | AF83: 5 | AG83: 5
A84: 82 | B84: AER-3 | C84: M-Y-DZ.002 | D84: DOZAJ POMPA GRUBU-ENZİM ALKOL | E84: 2 | F84: - | G84: - | H84: - | I84: - | J84: - | K84: - | L84: - | M84: - | N84: - | O84: - | P84: - | Q84: - | R84: - | S84: - | T84: 5 | U84: 5 | V84: 5 | W84: 5 | X84: 5 | Y84: 5 | Z84: 5 | AA84: 5 | AB84: 5 | AC84: 5 | AD84: 5 | AE84: 5 | AF84: 5 | AG84: 5
A85: 83 | B85: AER-3 | C85: M-Y-DZ.003 | D85: DOZAJ POMPA GRUBU-KONSANTRE | E85: 2 | F85: - | G85: - | H85: - | I85: - | J85: - | K85: - | L85: - | M85: - | N85: - | O85: - | P85: - | Q85: - | R85: - | S85: - | T85: 5 | U85: 5 | V85: 5 | W85: 5 | X85: 5 | Y85: 5 | Z85: 5 | AA85: 5 | AB85: 5 | AC85: 5 | AD85: 5 | AE85: 5 | AF85: 5 | AG85: 5
A86: 84 | B86: AER-3 | C86: M-Y-DZ.004 | D86: DETROWASH AER 3 DOZAJ GRUBU | E86: 5 | F86: - | G86: - | H86: - | I86: - | J86: - | K86: - | L86: - | M86: - | N86: - | O86: - | P86: - | Q86: - | R86: - | S86: - | T86: 5 | U86: 3 | V86: 5 | W86: 5 | X86: 5 | Y86: 3 | Z86: 5 | AA86: 5 | AB86: 5 | AC86: 2 | AD86: 5 | AE86: 2 | AF86: 5 | AG86: 2
... A136: 134 | B136: AER-3 | C136: M-Y-UV.001 | D136: UV GRUBU | E136: 4 | F136: - | G136: - | H136: - | I136: - | J136: - | K136: - | L136: - | M136: - | N136: - | O136: - | P136: - | Q136: - | R136: - | S136: - | T136: 5 | U136: 5 | V136: 5 | W136: 5 | X136: 5 | Y136: 5 | Z136: 5 | AA136: 3 | AB136: 5 | AC136: 3 | AD136: 5 | AE136: 3 | AF136: 5 | AG136: 5
A137: 135 | B137: DSC-1201 | C137: DSC-1201 | D137: DSC MONTAJ OPERASYONU | E137: 5 | F137: 5 | G137: 2 | H137: 5 | I137: 1 | J137: 5 | K137: 2 | L137: 5 | M137: 2 | N137: - | O137: - | P137: 5 | Q137: 2 | R137: 5 | S137: 5 | T137: - | U137: - | V137: - | W137: - | X137: - | Y137: - | Z137: - | AA137: - | AB137: - | AC137: - | AD137: - | AE137: - | AF137: - | AG137: -
A138: 136 | B138: DSC-1201 | C138: DSC-1201 | D138: DSC TEMİZLİK OPERASYONU | E138: 2 | F138: 5 | G138: 2 | H138: 5 | I138: 1 | J138: 5 | K138: 2 | L138: 5 | M138: 2 | N138: - | O138: - | P138: 5 | Q138: 2 | R138: 5 | S138: 5 | T138: - | U138: - | V138: - | W138: - | X138: - | Y138: - | Z138: - | AA138: - | AB138: 5 | AC138: 5 | AD138: - | AE138: - | AF138: - | AG138: -
A139: 137 | B139: DSC-1201 | C139: DSC-1201 | D139: DSC PAKETLEME OPERASYONU | E139: 3 | F139: 5 | G139: 3 | H139: 5 | I139: 2 | J139: 5 | K139: 3 | L139: 5 | M139: 3 | N139: - | O139: - | P139: 5 | Q139: 3 | R139: 5 | S139: 5 | T139: - | U139: - | V139: - | W139: - | X139: - | Y139: - | Z139: - | AA139: - | AB139: - | AC139: - | AD139: - | AE139: - | AF139: - | AG139: -
A140: 138 | B140: DSC-1201 | C140: M-Y-ET.001 | D140: 70X100 TANITIM PLAKASI | E140: 5 | F140: - | G140: - | H140: - | I140: - | J140: - | K140: - | L140: - | M140: - | N140: - | O140: - | P140: - | Q140: - | R140: - | S140: - | T140: 5 | U140: 1 | V140: 5 | W140: 5 | X140: 5 | Y140: 5 | Z140: 5 | AA140: 1 | AB140: 5 | AC140: 1 | AD140: 5 | AE140: 1 | AF140: 5 | AG140: 3
A141: 139 | B141: DSC-1201 | C141: M-DS-Y-AG.001 | D141: ASKI GRUBU | E141: 5 | F141: - | G141: - | H141: - | I141: - | J141: - | K141: - | L141: - | M141: - | N141: - | O141: - | P141: - | Q141: - | R141: - | S141: - | T141: 5 | U141: 3 | V141: 5 | W141: 4 | X141: 5 | Y141: 3 | Z141: 5 | AA141: 3 | AB141: 5 | AC141: 5 | AD141: 5 | AE141: 3 | AF141: 5 | AG141: 2
A142: 140 | B142: DSC-1201 | C142: M-DS-Y-AS.005 | D142: PLUG FAN GRUBU | E142: 3 | F142: - | G142: - | H142: - | I142: - | J142: - | K142: - | L142: - | M142: - | N142: - | O142: - | P142: - | Q142: - | R142: - | S142: - | T142: 5 | U142: 3 | V142: 5 | W142: 5 | X142: 5 | Y142: 3 | Z142: 5 | AA142: 3 | AB142: 5 | AC142: 5 | AD142: 5 | AE142: 3 | AF142: 5 | AG142: 5
A143: 141 | B143: DSC-1201 | C143: M-DS-Y-GKG.001 | D143: GÜÇ KABLOSU GRUBU | E143: 3 | F143: - | G143: - | H143: - | I143: - | J143: - | K143: - | L143: - | M143: - | N143: - | O143: - | P143: - | Q143: - | R143: - | S143: - | T143: 5 | U143: 3 | V143: 5 | W143: 5 | X143: 5 | Y143: 3 | Z143: 5 | AA143: 3 | AB143: 5 | AC143: 2 | AD143: 5 | AE143: 3 | AF143: 5 | AG143: 5
A144: 142 | B144: DSC-1201 | C144: M-DS-Y-HV.001 | D144: 5 L PASLANMAZ HAVA TANK GRUBU | E144: 5 | F144: - | G144: - | H144: - | I144: - | J144: - | K144: - | L144: - | M144: - | N144: - | O144: - | P144: - | Q144: - | R144: - | S144: - | T144: 5 | U144: 3 | V144: 5 | W144: 5 | X144: 5 | Y144: 5 | Z144: 5 | AA144: 3 | AB144: 5 | AC144: 2 | AD144: 5 | AE144: 2 | AF144: 5 | AG144: 2
A145: 143 | B145: DSC-1201 | C145: M-DS-Y-KKG.001 | D145: SELENOİD KİLİT GRUBU | E145: 3 | F145: - | G145: - | H145: - | I145: - | J145: - | K145: - | L145: - | M145: - | N145: - | O145: - | P145: - | Q145: - | R145: - | S145: - | T145: 5 | U145: 3 | V145: 5 | W145: 4 | X145: 5 | Y145: 3 | Z145: 5 | AA145: 3 | AB145: 5 | AC145: 2 | AD145: 5 | AE145: 3 | AF145: 5 | AG145: 5
A146: 144 | B146: DSC-1201 | C146: M-DS-Y-KM.001 | D146: DSC KOMPRESÖR GRUBU 50HZ | E146: 5 | F146: - | G146: - | H146: - | I146: - | J146: - | K146: - | L146: - | M146: - | N146: - | O146: - | P146: - | Q146: - | R146: - | S146: - | T146: 5 | U146: 3 | V146: 5 | W146: 5 | X146: 5 | Y146: 5 | Z146: 5 | AA146: 3 | AB146: 5 | AC146: 2 | AD146: 5 | AE146: 2 | AF146: 5 | AG146: 3
A147: 145 | B147: DSC-1201 | C147: M-DS-Y-KM.003 | D147: DSC KOMPRESÖR BASINÇ ŞALTER GRUBU | E147: 4 | F147: - | G147: - | H147: - | I147: - | J147: - | K147: - | L147: - | M147: - | N147: - | O147: - | P147: - | Q147: - | R147: - | S147: - | T147: 5 | U147: 3 | V147: 5 | W147: 5 | X147: 5 | Y147: 5 | Z147: 5 | AA147: 3 | AB147: 5 | AC147: 2 | AD147: 5 | AE147: 4 | AF147: 5 | AG147: 3
A148: 146 | B148: DSC-1201 | C148: M-DS-Y-KM.004 | D148: DSC KOMPRESÖR VOLTAJ KORUMALI VALF GRUBU | E148: 4 | F148: - | G148: - | H148: - | I148: - | J148: - | K148: - | L148: - | M148: - | N148: - | O148: - | P148: - | Q148: - | R148: - | S148: - | T148: 5 | U148: 3 | V148: 5 | W148: 5 | X148: 5 | Y148: 5 | Z148: 5 | AA148: 3 | AB148: 5 | AC148: 2 | AD148: 5 | AE148: 4 | AF148: 5 | AG148: 3
A149: 147 | B149: DSC-1201 | C149: M-DS-Y-PFG.001 | D149: PTFE FİLTRE GRUBU | E149: 2 | F149: - | G149: - | H149: - | I149: - | J149: - | K149: - | L149: - | M149: - | N149: - | O149: - | P149: - | Q149: - | R149: - | S149: - | T149: 5 | U149: 3 | V149: 5 | W149: 5 | X149: 5 | Y149: 3 | Z149: 5 | AA149: 5 | AB149: 5 | AC149: 5 | AD149: 5 | AE149: 5 | AF149: 5 | AG149: 5
A150: 148 | B150: DSC-1201 | C150: M-DS-Y-PN.001 | D150: REGÜLATÖR GRUBU | E150: 3 | F150: - | G150: - | H150: - | I150: - | J150: - | K150: - | L150: - | M150: - | N150: - | O150: - | P150: - | Q150: - | R150: - | S150: - | T150: 5 | U150: 3 | V150: 5 | W150: 5 | X150: 5 | Y150: 3 | Z150: 5 | AA150: 5 | AB150: 5 | AC150: 5 | AD150: 5 | AE150: 5 | AF150: 5 | AG150: 5
A151: 149 | B151: DSC-1201 | C151: M-DS-Y-RG.001 | D151: RULMAN GRUBU | E151: 4 | F151: - | G151: - | H151: - | I151: - | J151: - | K151: - | L151: - | M151: - | N151: - | O151: - | P151: - | Q151: - | R151: - | S151: - | T151: 5 | U151: 3 | V151: 5 | W151: 3 | X151: 5 | Y151: 3 | Z151: 5 | AA151: 3 | AB151: 5 | AC151: 2 | AD151: 5 | AE151: 3 | AF151: 5 | AG151: 3
... A155: 153 | B155: DSC-1201 | C155: M-DS-Y-SRG.001 | D155: SLIP RING GRUBU | E155: 4 | F155: - | G155: - | H155: - | I155: - | J155: - | K155: - | L155: - | M155: - | N155: - | O155: - | P155: - | Q155: - | R155: - | S155: - | T155: 5 | U155: 3 | V155: 5 | W155: 3 | X155: 5 | Y155: 3 | Z155: 5 | AA155: 3 | AB155: 5 | AC155: 2 | AD155: 5 | AE155: 3 | AF155: 5 | AG155: 2
A156: 154 | B156: MAKDA9004-01 | C156: MAKDA9004-01 | D156: MAKDA9004-01 - MONTAJ OPERASYONU | E156: 5 | F156: 5 | G156: 3 | H156: 5 | I156: 1 | J156: 5 | K156: 5 | L156: 5 | M156: 3 | N156: - | O156: - | P156: 5 | Q156: 3 | R156: 5 | S156: 4 | T156: 5 | U156: 5 | V156: 5 | W156: 5 | X156: - | Y156: - | Z156: 5 | AA156: 5 | AB156: - | AC156: - | AD156: - | AE156: - | AF156: 5 | AG156: 1
A157: 155 | B157: MAKDA9004-01 | C157: MAKDA9004-01 | D157: MAKDA9004-01 - TEMİZLİK OPERASYONU | E157: 2 | F157: 5 | G157: 3 | H157: 5 | I157: 1 | J157: 5 | K157: 5 | L157: 5 | M157: 3 | N157: - | O157: - | P157: 5 | Q157: 3 | R157: 5 | S157: 5 | T157: 5 | U157: 5 | V157: 5 | W157: 5 | X157: - | Y157: - | Z157: 5 | AA157: 5 | AB157: 5 | AC157: 5 | AD157: - | AE157: - | AF157: 5 | AG157: 1
A158: 156 | B158: MAKDA9004-01 | C158: MAKDA9004-01 | D158: MAKDA9004-01 - PAKETLEME OPERASYONU | E158: 2 | F158: 5 | G158: 3 | H158: 5 | I158: 2 | J158: 5 | K158: 5 | L158: 5 | M158: 3 | N158: - | O158: - | P158: 5 | Q158: 3 | R158: 5 | S158: 5 | T158: 5 | U158: 5 | V158: 5 | W158: 5 | X158: - | Y158: - | Z158: 5 | AA158: 5 | AB158: 5 | AC158: 5 | AD158: - | AE158: - | AF158: 5 | AG158: 1
A159: 157 | B159: MAKDA9004-01 | C159: M-DA-Y-KS.003 | D159: BAŞLIK GRUBU | E159: 3 | F159: - | G159: - | H159: - | I159: - | J159: - | K159: - | L159: - | M159: - | N159: - | O159: - | P159: - | Q159: - | R159: - | S159: - | T159: 5 | U159: 5 | V159: 5 | W159: 5 | X159: 5 | Y159: 3 | Z159: 5 | AA159: 5 | AB159: 5 | AC159: 5 | AD159: 5 | AE159: 3 | AF159: 5 | AG159: 5
A160: 158 | B160: MAKDA9004-01 | C160: M-Y-ET.002 | D160: 50X70 TANITIM PLAKASI | E160: 5 | F160: - | G160: - | H160: - | I160: - | J160: - | K160: - | L160: - | M160: - | N160: - | O160: - | P160: - | Q160: - | R160: - | S160: - | T160: 5 | U160: 1 | V160: 5 | W160: 5 | X160: 5 | Y160: 5 | Z160: 5 | AA160: 1 | AB160: 5 | AC160: 1 | AD160: 5 | AE160: 1 | AF160: 5 | AG160: 1
A161: 159 | B161: MAKDA9004-01 | C161: M-DA-Y-BG.001 | D161: DETROAIR SPREY BAŞLIK YUVA GRUBU | E161: 5 | F161: - | G161: - | H161: - | I161: - | J161: - | K161: - | L161: - | M161: - | N161: - | O161: - | P161: - | Q161: - | R161: - | S161: - | T161: 5 | U161: 5 | V161: 5 | W161: 5 | X161: 5 | Y161: 3 | Z161: 5 | AA161: 5 | AB161: 5 | AC161: 2 | AD161: 5 | AE161: 2 | AF161: 5 | AG161: 5
A162: 160 | B162: MAKDA9004-01 | C162: M-DA-Y-KS.002 | D162: DETROAIR SPREY KASA MONTAJ GRUBU | E162: 4 | F162: - | G162: - | H162: - | I162: - | J162: - | K162: - | L162: - | M162: - | N162: - | O162: - | P162: - | Q162: - | R162: - | S162: - | T162: 5 | U162: 5 | V162: 5 | W162: 5 | X162: 5 | Y162: 3 | Z162: 5 | AA162: 5 | AB162: 5 | AC162: 2 | AD162: 5 | AE162: 2 | AF162: 5 | AG162: 3
A163: 161 | B163: MAKDA9004-01 | C163: M-DA-Y-MT.001 | D163: DETROAIR SPREY MOTOR GRUBU | E163: 5 | F163: - | G163: - | H163: - | I163: - | J163: - | K163: - | L163: - | M163: - | N163: - | O163: - | P163: - | Q163: - | R163: - | S163: - | T163: 5 | U163: 5 | V163: 5 | W163: 5 | X163: 5 | Y163: 3 | Z163: 5 | AA163: 5 | AB163: 5 | AC163: 2 | AD163: 5 | AE163: 2 | AF163: 5 | AG163: 3
A164: 162 | B164: MAKDA9004-01 | C164: M-DA-Y-PN.001 | D164: DETROAIR SPREY ÖN PANEL GRUBU | E164: 5 | F164: - | G164: - | H164: - | I164: - | J164: - | K164: - | L164: - | M164: - | N164: - | O164: - | P164: - | Q164: - | R164: - | S164: - | T164: 5 | U164: 5 | V164: 5 | W164: 5 | X164: 5 | Y164: 3 | Z164: 5 | AA164: 5 | AB164: 5 | AC164: 2 | AD164: 5 | AE164: 2 | AF164: 5 | AG164: 3
A165: - | B165: GENEL TOPLAM | F165: 120 | G165: =SUM(G3:G164) -> 81 | H165: 120 | I165: =SUM(I3:I164) -> 32 | J165: 120 | K165: =SUM(K3:K164) -> 100 | L165: 120 | M165: =SUM(M3:M164) -> 99 | N165: 50 | O165: =SUM(O3:O164) -> 33 | P165: 120 | Q165: =SUM(Q3:Q164) -> 76 | R165: 120 | S165: =SUM(S3:S164) -> 111 | T165: =SUM(T3:T164) -> 705 | U165: =SUM(U3:U164) -> 623 | V165: =SUM(V3:V164) -> 705 | W165: =SUM(W3:W164) -> 699 | X165: =SUM(X3:X164) -> 690 | Y165: =SUM(Y3:Y164) -> 600 | Z165: =SUM(Z3:Z164) -> 700 | ... AG165: =SUM(AG3:AG164) -> 547

Sheet Değer Matrisleri
B5: Değer | C5: Puan | G5: Puan | H5: Açıklama
B6: Çok İyi | C6: 5 | G6: 5 | H6: Görevi tamamen bağımsız, hatasız ve standart sürenin altında gerçekleştirir. Karmaşık ayarları/şartlandırmaları yapabilir. Problemleri analiz eder, kök neden bularak çözüm üretir. Gerektiğinde başkalarına eğitim verebilir.
B7: İyi | C7: 4 | G7: 4 | H7: Görevi çoğunlukla bağımsız gerçekleştirir. Nadiren destek ihtiyacı duyar. Ayar ve bağlantıları doğru yapar, küçük problemleri kendi başına çözer. Standartlara uygundur.
B8: Orta | C8: 3 | G8: 3 | H8: Görevi talimat ve iş emri doğrultusunda gerçekleştirir. Zaman zaman destek alır. Standart sürede çalışır ancak ayar/ince hassasiyet gerektiren durumlarda yönlendirmeye ihtiyaç duyar.
B9: Gelişime Açık | C9: 2 | G9: 2 | H9: Görevi sürekli destek ve yönlendirme ile yapabilir. Hata yapma riski yüksektir. Standart sürelerin üzerindedir, ayar ve kontrol adımlarını tek başına yönetemez.
B10: Düşük | C10: 1 | G10: 1 | H10: Görevi tek başına yapamaz. Süreç bilgisi ve uygulama yetkinliği yoktur. Eğitim alması ve gözetim altında çalışması gerekir.
B12: Değer | C12: Puan | G12: Puan | H12: Açıklama
B13: Çok Zor | C13: 5 | G13: 5 | H13: Yüksek teknik bilgi ve deneyim gerektirir. Birden fazla sistemin (mekanik, elektronik, pnömatik vb.) aynı anda yönetilmesini, hassas ayar ve karar vermeyi içerir. Hata riski yüksektir ve sonuçları kritiktir.
B14: Zor | C14: 4 | G14: 4 | H14: Teknik bilgi gerektirir. Birden fazla işlem adımı ve kontrol noktası vardır. Ayar ve doğrulama gerektirir, dikkat ve deneyim olmazsa hata riski oluşur.
B15: Orta | C15: 3 | G15: 3 | H15: Standart iş talimatı ile yapılabilir. İşlem adımları nettir ancak dikkat ve temel teknik bilgi gerektirir. Hata riski orta seviyededir.
B16: Kolay | C16: 2 | G16: 2 | H16: Tekrarlı ve basit işlem adımlarından oluşur. Kısa sürede öğrenilebilir. Özel teknik bilgi veya ayar gerektirmez.
B17: Çok Kolay | C17: 1 | G17: 1 | H17: Fiziksel veya görsel kontrol ağırlıklıdır. Eğitim ihtiyacı çok düşüktür. Hata riski düşüktür ve işlem adımları son derece basittir.

Sheet Menü Seçenekleri
B5: MENÜ SEÇENEKLERİ
B7: CİHAZ | D7: OPERASYON-YM ADI | F7: PERSONELLER | G7: PERSONELLER
B8: AER-1 | D8: AER-1 MONTAJ HATTI 1 | F8: İZZET ATAKAN DEMİR | G8: İZZET ATAKAN DEMİR (H)
B9: AER-3 | D9: AER-1 MONTAJ HATTI 2 | F9: ÜMİT UZUN | G9: ÜMİT UZUN (H)
B10: DSC-1201 | D10: AER-1 MONTAJ HATTI 3 | F10: TOLGAHAN ÇEBİ | G10: TOLGAHAN ÇEBİ (H)
B11: MAKDA9004-01 | D11: AER-1 MONTAJ HATTI 4 | F11: KAĞAN UDUM | G11: KAĞAN UDUM (H)
D12: AER-1 5 YIKAMA HAZIRLIK | F12: OZAN HATAY | G12: OZAN HATAY (H)
D13: AER-1 YIKAMA HATTI REWORK | F13: ÖZER KOÇ | G13: ÖZER KOÇ (H)
D14: AER-1 TEMİZLİK HATTI | F14: ÖMER POLAT | G14: ÖMER POLAT (H)
D15: AER-1 PAKET ÖNCESİ HAZIRLIK | F15: SEMRA ULTAV | G15: SEMRA ULTAV (H)
D16: AER-1 PAKETLEME OPERASYONU | F16: HANDE GÜNAYDIN | G16: HANDE GÜNAYDIN (H)
D17: CPC ERKEK 90° | F17: MUSA HIZIR | G17: MUSA HIZIR (H)
D18: DIŞ FİLTRE GRUBU | F18: VOLKAN KAVLAK | G18: VOLKAN KAVLAK (H)
D19: CPC DAĞITICI-ÇİFT SKOP GRUBU | F19: SULTAN SOLAK | G19: SULTAN SOLAK (H)
D20: NOZZLE DAĞITICI GRUBU | F20: EMİR KODAŞ | G20: EMİR KODAŞ (H)
D21: DOLUM KAPAK GRUBU-ALKOL | F21: MURAT KİRAZ | G21: MURAT KİRAZ (H)
D22: DOLUM KAPAK GRUBU-ENZIMATIK
D23: DOLUM KAPAK GRUBU-KONSANTRE
D24: 5 L KONS. DEZ. DEPO GRUBU
D25: 5 L ENZİM DEPO GRUBU
D26: 5 L ALKOL DEPO GRUBU
D27: 15 L ATIK DEPO GRUBU
D28: 15 L DEZENFEKTAN DEPO GRUBU
D29: 15 L TEMİZ SU DEPO GRUBU
D30: 15 L PASLANMAZ DEPO GRUBU
D31: DOZAJ POMPA GRUBU 7 L
D32: 70X100 TANITIM PLAKASI
D33: GİRDAP ÖNLEYİCİ
... D173: DETROAIR SPREY ÖN PANEL GRUBU

Sheet Pivot
A3: STOK KODU | B3: STOK ADI | C3: Toplam M.FURKAN YAVUZ | D3: Toplam KAĞAN UDUM | E3: Toplam İZZET ATAKAN DEMİR | F3: Toplam MEHMET KAPLAN | G3: Toplam TOLGAHAN ÇEBİ | H3: Toplam ÖZER KOÇ | I3: Toplam VOLKAN KAVLAK | J3: Toplam HANDE GÜNAYDIN | K3: Toplam SEMRA ULTAV | L3: Toplam SULTAN SOLAK | M3: Toplam MUSA HIZIR | N3: Toplam ÖMER POLAT
A4: AER-1 | B4: AER-1 5 YIKAMA HAZIRLIK | C4: 5 | D4: 5 | E4: 2 | F4: 1 | G4: 1 | H4: 1 | I4: 4 | J4: 1 | K4: 1 | L4: 1 | M4: 1 | N4: 1
B5: AER-1 MONTAJ HATTI 1 | C5: 5 | D5: 5 | E5: 4 | F5: 4 | G5: 4 | H5: 2 | I5: 5 | J5: 1 | K5: 1 | L5: 1 | M5: 1 | N5: 1
B6: AER-1 MONTAJ HATTI 2 | C6: 5 | D6: 5 | E6: 4 | F6: 4 | G6: 4 | H6: 2 | I6: 5 | J6: 1 | K6: 1 | L6: 1 | M6: 1 | N6: 1
B7: AER-1 MONTAJ HATTI 3 | C7: 5 | D7: 5 | E7: 3 | F7: 2 | G7: 4 | H7: 2 | I7: 5 | J7: 1 | K7: 1 | L7: 1 | M7: 1 | N7: 1
B8: AER-1 MONTAJ HATTI 4 | C8: 5 | D8: 5 | E8: 3 | F8: 2 | G8: 4 | H8: 2 | I8: 5 | J8: 1 | K8: 1 | L8: 1 | M8: 1 | N8: 1
B9: AER-1 PAKET ÖNCESİ HAZIRLIK | C9: 4 | D9: 5 | E9: 3 | F9: 1 | G9: 3 | H9: 3 | I9: 5 | J9: 1 | K9: 1 | L9: 1 | M9: 1 | N9: 1
B10: AER-1 PAKETLEME OPERASYONU | C10: 5 | D10: 5 | E10: 5 | F10: 3 | G10: 3 | H10: 5 | I10: 5 | J10: 1 | K10: 1 | L10: 1 | M10: 3 | N10: 3
B11: AER-1 TEMİZLİK HATTI | C11: 3 | D11: 3 | E11: 3 | F11: 3 | G11: 3 | H11: 3 | I11: 3 | J11: 5 | K11: 5 | L11: 5 | M11: 3 | N11: 3 | P11: {=yatay} -> #NAME?
B12: AER-1 YIKAMA HATTI REWORK | C12: 5 | D12: 5 | E12: 4 | F12: 4 | G12: 4 | H12: 4 | I12: 5 | J12: 1 | K12: 1 | L12: 1 | M12: 1 | N12: 1
A13: AER-3 | B13: AER-3 5 YIKAMA HAZIRLIK | C13: 5 | D13: 5 | E13: 2 | F13: 1 | G13: 1 | H13: 2 | I13: 4 | J13: 1 | K13: 1 | L13: 1 | M13: 1 | N13: 1
B14: AER-3 MONTAJ HATTI 1 | C14: 5 | D14: 5 | E14: 4 | F14: 4 | G14: 5 | H14: 2 | I14: 5 | J14: 1 | K14: 1 | L14: 1 | M14: 1 | N14: 1
B15: AER-3 MONTAJ HATTI 2 | C15: 5 | D15: 5 | E15: 4 | F15: 4 | G15: 5 | H15: 2 | I15: 5 | J15: 1 | K15: 1 | L15: 1 | M15: 1 | N15: 1
B16: AER-3 MONTAJ HATTI 3 | C16: 5 | D16: 5 | E16: 3 | F16: 2 | G16: 5 | H16: 2 | I16: 5 | J16: 1 | K16: 1 | L16: 1 | M16: 1 | N16: 1
B17: AER-3 MONTAJ HATTI 4 | C17: 5 | D17: 5 | E17: 3 | F17: 2 | G17: 5 | H17: 2 | I17: 5 | J17: 1 | K17: 1 | L17: 1 | M17: 1 | N17: 1
B18: AER-3 PAKET ÖNCESİ HAZIRLIK | C18: 4 | D18: 5 | E18: 3 | F18: 1 | G18: 3 | H18: 3 | I18: 5 | J18: 1 | K18: 1 | L18: 1 | M18: 1 | N18: 1
B19: AER-3 PAKETLEME OPERASYONU | C19: 5 | D19: 5 | E19: 5 | F19: 3 | G19: 3 | H19: 5 | I19: 5 | J19: 1 | K19: 1 | L19: 1 | M19: 3 | N19: 3
B20: AER-3 TEMİZLİK HATTI | C20: 3 | D20: 3 | E20: 3 | F20: 3 | G20: 3 | H20: 3 | I20: 3 | J20: 5 | K20: 5 | L20: 5 | M20: 3 | N20: 3
B21: AER-3 YIKAMA HATTI REWORK | C21: 5 | D21: 5 | E21: 4 | F21: 4 | G21: 4 | H21: 4 | I21: 5 | J21: 1 | K21: 1 | L21: 1 | M21: 1 | N21: 1
A22: DSC-1201 | B22: DSC FİNAL KONTROL OPERASYONU | C22: 1 | D22: 1 | E22: 1 | F22: 1 | G22: 1 | H22: 1 | I22: 5 | J22: 1 | K22: 1 | L22: 2 | M22: 1 | N22: 1
B23: DSC MONTAJ OPERASYONU | C23: 1 | D23: 1 | E23: 1 | F23: 1 | G23: 1 | H23: 1 | I23: 5 | J23: 1 | K23: 1 | L23: 2 | M23: 1 | N23: 1
B24: DSC PAKETLEME OPERASYONU | C24: 5 | D24: 5 | E24: 5 | F24: 3 | G24: 3 | H24: 5 | I24: 5 | J24: 1 | K24: 1 | L24: 1 | M24: 3 | N24: 3
B25: DSC TEMİZLİK OPERASYONU | C25: 2 | D25: 2 | E25: 2 | F25: 2 | G25: 2 | H25: 2 | I25: 5 | J25: 3 | K25: 4 | L25: 4 | M25: 3 | N25: 3
A26: MAKDA9004-01 | B26: MAKDA9004-01 - MONTAJ OPERASYONU | C26: 2 | D26: 3 | E26: 3 | F26: 3 | G26: 3 | H26: 3 | I26: 5 | J26: 3 | K26: 3 | L26: 2 | M26: 4 | N26: 3
B27: MAKDA9004-01 - PAKETLEME OPERASYONU | C27: 2 | D27: 3 | E27: 3 | F27: 3 | G27: 3 | H27: 5 | I27: 5 | J27: 4 | K27: 4 | L27: 4 | M27: 4 | N27: 3
B28: MAKDA9004-01 - TEMİZLİK OPERASYONU | C28: 3 | D28: 3 | E28: 3 | F28: 3 | G28: 3 | H28: 3 | I28: 5 | J28: 4 | K28: 4 | L28: 4 | M28: 4 | N28: 3
A29: M-DA-Y-BG.001 | B29: DETROAIR SPREY BAŞLIK YUVA GRUBU | C29: 2 | D29: 2 | E29: 2 | F29: 2 | G29: 2 | H29: 4 | I29: 5 | J29: 3 | K29: 3 | L29: 3 | M29: 4 | N29: 3
A30: M-DA-Y-KS.002 | B30: DETROAIR SPREY KASA MONTAJ GRUBU | C30: 2 | D30: 2 | E30: 2 | F30: 2 | G30: 2 | H30: 4 | I30: 5 | J30: 3 | K30: 3 | L30: 3 | M30: 4 | N30: 3
A31: M-DA-Y-KS.003 | B31: BAŞLIK GRUBU | C31: 2 | D31: 2 | E31: 2 | F31: 2 | G31: 2 | H31: 5 | I31: 5 | J31: 4 | K31: 3 | L31: 3 | M31: 4 | N31: 3
A32: M-DA-Y-MT.001 | B32: DETROAIR SPREY MOTOR GRUBU | C32: 2 | D32: 2 | E32: 2 | F32: 2 | G32: 2 | H32: 4 | I32: 5 | J32: 3 | K32: 3 | L32: 3 | M32: 4 | N32: 3
A33: M-DA-Y-PN.001 | B33: DETROAIR SPREY ÖN PANEL GRUBU | C33: 2 | D33: 2 | E33: 2 | F33: 2 | G33: 2 | H33: 4 | I33: 5 | J33: 3 | K33: 3 | L33: 3 | M33: 4 | N33: 3
A34: M-DS-Y-AG.001 | B34: ASKI GRUBU | C34: 2 | D34: 2 | E34: 2 | F34: 2 | G34: 2 | H34: 5 | I34: 5 | J34: 3 | K34: 3 | L34: 3 | M34: 3 | N34: 3
A35: M-DS-Y-AS.005 | B35: PLUG FAN GRUBU | C35: 2 | D35: 2 | E35: 2 | F35: 2 | G35: 2 | H35: 5 | I35: 5 | J35: 3 | K35: 3 | L35: 3 | M35: 3 | N35: 3
A36: M-DS-Y-GKG.001 | B36: GÜÇ KABLOSU GRUBU | C36: 2 | D36: 2 | E36: 2 | F36: 2 | G36: 2 | H36: 5 | I36: 5 | J36: 3 | K36: 3 | L36: 3 | M36: 3 | N36: 3
A37: M-DS-Y-HV.001 | B37: 5 L PASLANMAZ HAVA TANK GRUBU | C37: 2 | D37: 2 | E37: 2 | F37: 2 | G37: 2 | H37: 5 | I37: 5 | J37: 3 | K37: 3 | L37: 3 | M37: 4 | N37: 4
A38: M-DS-Y-KKG.001 | B38: SELENOİD KİLİT GRUBU | C38: 2 | D38: 2 | E38: 2 | F38: 2 | G38: 2 | H38: 5 | I38: 5 | J38: 3 | K38: 3 | L38: 3 | M38: 3 | N38: 3
A39: M-DS-Y-KM.001 | B39: DSC KOMPRESÖR GRUBU 50HZ | C39: 2 | D39: 2 | E39: 1 | F39: 1 | G39: 1 | H39: 5 | I39: 5 | J39: 3 | K39: 3 | L39: 3 | M39: 4 | N39: 4
A40: M-DS-Y-KM.003 | B40: DSC KOMPRESÖR BASINÇ ŞALTER GRUBU | C40: 2 | D40: 2 | E40: 2 | F40: 2 | G40: 2 | H40: 5 | I40: 5 | J40: 4 | K40: 4 | L40: 4 | M40: 4 | N40: 4
... A165: M-Y-ÜS.001 | B165: ÜST SENSÖR GRUBU | C165: 3 | D165: 3 | E165: 3 | F165: 3 | G165: 3 | H165: 5 | I165: 4 | J165: 4 | K165: 4 | L165: 4 | M165: 4 | N165: 4
A166: Genel Toplam | C166: 511 | D166: 458 | E166: 427 | F166: 409 | G166: 425 | H166: 735 | I166: 669 | J166: 500 | K166: 551 | L166: 506 | M166: 546 | N166: 559

Sheet Personel Görev Dağılım
B1: DETROX CİHAZ MONTAJ PERSONEL GÖREV DAĞILIM LİSTESİ DEVICE ASSEMBLY STAFF DUTY ASSIGNMENT LIST | E1: Doküman No. Document Nu.
E2: Yayın Tarihi Publication Date
E3: Revizyon No. Revision Nu.
E4: Revizyon Tarihi Revision Date
A5: ADI SOYADI NAME & SURNAME | B5: ANA GÖREV MAIN DUTY | C5: YAN GÖREV SECOND DUTY | D5: KADRO ÜNVANI JOB TITLE | E5: OLMADIĞINDA YERİNE BAKACAK KİŞİ ALTERNATE | F5: YETKİLİSİ SUPERVISOR
A6: HANDE GÜNAYDIN | B6: TEMİZLİK | C6: YARI MAMUL MONTAJ | D6: YARI MAMUL MONTAJ OP. | E6: SULTAN SOLAK | F6: ÖZER KOÇ
A7: İZZET ATAKAN DEMİR | B7: ANA MONTAJ | C7: FİNAL KALİTE KONTROL HAZIRLIK | D7: ANA MONTAJ OP. | E7: TOLGAHAN ÇEBİ | F7: TOLGAHAN ÇEBİ
A8: KAĞAN UDUM | B8: FİNAL KALİTE KONTROL HAZIRLIK | C8: 5 YIKAMA TESTİ | D8: SEVK HAZIRLIK SORUMLUSU | E8: VOLKAN KAVLAK | F8: ÖMER POLAT
A9: MUHAMMED FURKAN YAVUZ | B9: 5 YIKAMA TESTİ | C9: FİNAL KALİTE KONTROL HAZIRLIK | D9: MONTAJ TEST OP. | E9: OZAN HATAY | F9: ÖMER POLAT
A10: MUSA HIZIR | B10: YARI MAMUL MONTAJ | C10: DETRO AIR SPRAY MONTAJ | D10: DAS SORUMLUSU | E10: EMİR KADAŞ | F10: ÖMER POLAT
A11: ÖMER POLAT | B11: YARI MAMUL MONTAJ | C11: LAZER MAKİNESİ | D11: SUPERVISOR | E11: ÖZER KOÇ | F11: GÖKTUĞ ERGİN
A12: ÖZER KOÇ | B12: YARI MAMUL MONTAJ | C12: CİHAZ KALİBRASYON | D12: YARIMAMUL SORUMLUSU | E12: ÖMER POLAT | F12: ÖMER POLAT
A13: SEMRA ULTAV | B13: KAPAK YARI MAMUL MONTAJ | C13: YARI MAMUL MONTAJ | D13: YARI MAMUL MONTAJ OP. | E13: ÖZER KOÇ | F13: ÖZER KOÇ
A14: SULTAN SOLAK | B14: EVYE YARI MAMUL MONTAJ | C14: YARI MAMUL MONTAJ | D14: YARI MAMUL MONTAJ OP. | E14: VOLKAN KAVLAK | F14: ÖZER KOÇ
A15: TOLGAHAN ÇEBİ | B15: ANA MONTAJ | C15: DETRO AIR SPRAY MONTAJ | D15: ANA MONTAJ SORUMLUSU | E15: İZZET AKDEMİR | F15: GÖKTUĞ ERGİN
A16: VOLKAN KAVLAK | B16: DSC MONTAJ | C16: 5 YIKAMA TESTİ | D16: DSC SORUMLUSU | E16: KAĞAN UDUM | F16: ÖMER POLAT
... A18: MURAT KİRAZ | B18: ANA MONTAJ | C18: 5 YIKAMA TESTİ | D18: ANA MONTAJ OP. | E18: ÜMİT UYGUN | F18: TOLGAHAN ÇEBİ
A19: ÜMİT UZUN | B19: ANA MONTAJ | D19: ANA MONTAJ OP. | E19: MURAT KİRAZ | F19: TOLGAHAN ÇEBİ
A20: OZAN HATAY | B20: 5 YIKAMA TESTİ | C20: FİNAL KALİTE KONTROL HAZIRLIK | D20: MONTAJ TEST OP. | E20: MUHAMMED FURKAN YAVUZ | F20: ÖMER POLAT

Sheet Niş Bölünmeler
A1: BÖLÜM | B1: PERSONEL ADI
A2: MONTAJ HATTI PERSONELLERİ | B2: İZZET ATAKAN DEMİR
B3: MEHMET KAPLAN
B4: TOLGAHAN ÇEBİ
B5: KAĞAN UDUM
A6: MONTAJ TEST PERSONELLERİ | B6: M.FURKAN YAVUZ
B7: KAĞAN UDUM
A8: MONTAJ TEST SONRASI PERSONELLERİ | B8: VOLKAN KAVLAK
B9: KAĞAN UDUM
A10: YM MONTAJ PERSONELLERİ | B10: ÖZER KOÇ
B11: ÖMER POLAT
B12: SEMRA ULTAV
B13: HANDE GÜNAYDIN
B14: MUSA HIZIR
B15: SULTAN SOLAK
A16: DSC MONTAJ PERSONELLERİ | B16: VOLKAN KAVLAK
A17: DAS MONTAJ PERSONELLERİ | B17: VOLKAN KAVLAK
B18: MUSA HIZIR
B19: SEMRA ULTAV
B20: HANDE GÜNAYDIN
A21: AER 1 KAPAK PERSONELLERİ | B21: SEMRA ULTAV
A22: AER 3 KAPAK PERSONELLERİ | B22: ÖZER KOÇ
B23: MUSA HIZIR
A24: AER 1 EVYE PERSONELLERİ | B24: VOLKAN KAVLAK
B25: SULTAN SOLAK
A26: AER 3 EVYE PERSONELLERİ | B26: VOLKAN KAVLAK
B27: SULTAN SOLAK
